timestamp,source_id,destination_id,packet_type,packet_size_bytes,data_rate_mbps,signal_strength_rssi,throughput_kbps,latency_ms,is_anomaly,anomaly_type
2026-06-13 12:00:00.000,Node_002,Node_048,CAM,0,0.0,-79.4,0.0,0.0,1,Blackhole_Drop
2026-06-13 12:00:00.149,Node_006,Node_038,CAM,632,2.32,-81.3,11.73,6.93,0,Normal
2026-06-13 12:00:00.032,Node_036,Node_013,CAM,933,8.5,-63.2,63.44,6.87,0,Normal
2026-06-13 12:00:00.243,Node_001,Node_049,BSM,1025,3.6,-68.1,29.52,8.07,0,Normal
2026-06-13 12:00:00.260,Node_049,Node_022,CAM,304,2.93,-81.1,7.13,5.76,0,Normal
2026-06-13 12:00:00.385,Node_003,Node_047,CAM,670,7.36,-46.1,39.45,5.83,0,Normal
2026-06-13 12:00:00.510,Node_041,Node_040,CAM,1106,10.62,-61.9,93.97,4.05,0,Normal
2026-06-13 12:00:00.147,Node_043,Node_015,CAM,991,4.89,-81.8,38.77,7.96,0,Normal
2026-06-13 12:00:00.280,Node_025,Node_018,BSM,664,8.36,-70.4,44.41,5.9399999999999995,0,Normal
2026-06-13 12:00:00.567,Node_043,Node_018,CAM,918,11.37,-59.1,83.5,5.59,0,Normal
2026-06-13 12:00:00.530,Node_035,Node_047,DENM,450,3.63,-69.8,13.07,5.71,0,Normal
2026-06-13 12:00:00.726,Node_044,Node_021,DENM,1063,9.68,-82.8,82.32,7.36,0,Normal
2026-06-13 12:00:01.080,Node_026,Node_018,DENM,267,4.11,-47.3,8.78,6.65,0,Normal
2026-06-13 12:00:01.170,Node_014,Node_042,CAM,711,5.96,-48.4,33.9,5.84,0,Normal
2026-06-13 12:00:01.078,Node_009,Node_016,CAM,962,7.61,-74.5,58.57,5.74,0,Normal
2026-06-13 12:00:01.680,Node_024,Node_015,UDP_STREAM,1414,52.64,-81.4,595.46,122.6,1,DoS_Flooding
2026-06-13 12:00:01.888,Node_039,Node_005,BSM,594,5.82,-45.2,27.66,5.3,0,Normal
2026-06-13 12:00:00.204,Node_044,Node_047,DENM,317,8.82,-63.5,22.37,6.27,0,Normal
2026-06-13 12:00:01.746,Node_008,Node_019,CAM,645,3.58,-84.9,18.47,6.18,0,Normal
2026-06-13 12:00:01.463,Node_033,Node_049,BSM,382,7.08,-80.7,21.64,7.04,0,Normal
2026-06-13 12:00:02.780,Node_039,Node_013,CAM,356,5.74,-78.5,16.35,12.31,0,Normal
2026-06-13 12:00:03.045,Node_001,Node_039,CAM,531,6.89,-80.5,29.27,8.41,0,Normal
2026-06-13 12:00:01.936,Node_016,Node_004,UDP_STREAM,446,26.04,-102.7,38.46,2.52,1,Sybil_Spoofing
2026-06-13 12:00:00.966,Node_009,Node_043,UDP_STREAM,686,11.47,-78.4,62.95,7.84,0,Normal
2026-06-13 12:00:02.832,Node_014,Node_035,CAM,973,9.3,-77.0,72.39,5.3100000000000005,0,Normal
2026-06-13 12:00:02.625,Node_029,Node_034,CAM,662,3.21,-76.0,17.0,4.79,0,Normal
2026-06-13 12:00:01.768,Node_038,Node_015,TCP_ACK,64,25.47,-109.0,1.06,1.66,1,Sybil_Spoofing
2026-06-13 12:00:03.807,Node_016,Node_018,DENM,885,6.85,-63.4,48.5,5.4399999999999995,0,Normal
2026-06-13 12:00:03.668,Node_016,Node_031,CAM,1026,6.07,-81.2,49.82,7.34,0,Normal
2026-06-13 12:00:02.900,Node_028,Node_027,BSM,678,10.64,-82.8,57.71,7.85,0,Normal
2026-06-13 12:00:01.050,Node_004,Node_026,BSM,945,5.39,-50.5,40.75,6.21,0,Normal
2026-06-13 12:00:01.798,Node_035,Node_029,CAM,343,6.22,-73.9,17.07,5.720000000000001,0,Normal
2026-06-13 12:00:00.928,Node_029,Node_036,TCP_ACK,64,2.98,-58.9,1.53,4.85,0,Normal
2026-06-13 12:00:00.429,Node_006,Node_049,CAM,1069,4.36,-68.7,37.29,8.23,0,Normal
2026-06-13 12:00:03.808,Node_004,Node_011,CAM,588,2.02,-69.4,9.5,8.379999999999999,0,Normal
2026-06-13 12:00:04.410,Node_019,Node_028,BSM,913,11.57,-45.2,84.51,5.42,0,Normal
2026-06-13 12:00:04.824,Node_010,Node_013,TCP_ACK,64,4.97,-46.3,2.54,5.279999999999999,0,Normal
2026-06-13 12:00:05.476,Node_004,Node_048,BSM,521,2.57,-61.6,10.71,6.38,0,Normal
2026-06-13 12:00:05.510,Node_011,Node_004,BSM,1183,37.93,-109.0,67.01,1.81,1,Sybil_Spoofing
2026-06-13 12:00:02.847,Node_038,Node_039,DENM,240,8.19,-68.2,15.72,6.96,0,Normal
2026-06-13 12:00:05.720,Node_021,Node_017,DENM,409,8.7,-72.4,28.47,5.98,0,Normal
2026-06-13 12:00:01.763,Node_043,Node_042,CAM,507,6.57,-47.8,26.65,6.4,0,Normal
2026-06-13 12:00:00.504,Node_030,Node_040,CAM,776,11.96,-82.1,74.25,4.93,0,Normal
2026-06-13 12:00:03.311,Node_009,Node_023,DENM,1102,2.69,-75.2,23.72,8.129999999999999,0,Normal
2026-06-13 12:00:05.368,Node_035,Node_046,UDP_STREAM,509,8.12,-45.5,33.06,5.82,0,Normal
2026-06-13 12:00:00.540,Node_043,Node_036,BSM,506,11.32,-80.9,45.82,4.859999999999999,0,Normal
2026-06-13 12:00:03.542,Node_008,Node_007,CAM,960,7.53,-74.1,57.83,6.21,0,Normal
2026-06-13 12:00:04.559,Node_014,Node_044,CAM,849,10.53,-64.8,71.52,5.9399999999999995,0,Normal
2026-06-13 12:00:01.104,Node_006,Node_041,UDP_STREAM,633,10.29,-83.2,52.11,7.21,0,Normal
2026-06-13 12:00:02.107,Node_041,Node_017,TCP_ACK,64,3.62,-67.3,1.85,8.34,0,Normal
2026-06-13 12:00:00.600,Node_008,Node_005,TCP_ACK,64,11.45,-57.4,5.86,8.76,0,Normal
2026-06-13 12:00:00.969,Node_024,Node_038,UDP_STREAM,1446,89.95,-67.8,1040.54,272.09,1,DoS_Flooding
2026-06-13 12:00:01.040,Node_023,Node_014,CAM,898,4.5,-80.9,32.33,6.15,0,Normal
2026-06-13 12:00:06.042,Node_040,Node_048,DENM,358,11.26,-75.5,32.25,6.01,0,Normal
2026-06-13 12:00:02.970,Node_027,Node_002,TCP_ACK,64,3.79,-48.0,1.94,4.02,0,Normal
2026-06-13 12:00:06.325,Node_043,Node_048,CAM,1030,4.48,-78.6,36.92,6.97,0,Normal
2026-06-13 12:00:05.992,Node_003,Node_031,CAM,427,4.0,-48.3,13.66,7.13,0,Normal
2026-06-13 12:00:03.876,Node_015,Node_002,CAM,875,3.93,-71.9,27.51,6.26,0,Normal
2026-06-13 12:00:04.698,Node_023,Node_042,DENM,721,6.0,-45.8,34.61,5.38,0,Normal
2026-06-13 12:00:01.003,Node_008,Node_017,UDP_STREAM,1476,66.73,-45.7,787.95,256.21,1,DoS_Flooding
2026-06-13 12:00:05.400,Node_028,Node_039,UDP_STREAM,723,3.16,-49.0,18.28,6.46,0,Normal
2026-06-13 12:00:01.281,Node_046,Node_028,CAM,201,7.2,-52.7,11.58,4.71,0,Normal
2026-06-13 12:00:03.720,Node_024,Node_028,CAM,271,11.49,-48.2,24.91,6.62,0,Normal
2026-06-13 12:00:02.583,Node_047,Node_020,DENM,719,5.09,-68.7,29.28,5.9399999999999995,0,Normal
2026-06-13 12:00:05.440,Node_036,Node_009,CAM,396,6.2,-47.4,19.64,7.17,0,Normal
2026-06-13 12:00:03.510,Node_040,Node_037,CAM,508,6.06,-51.7,24.63,6.15,0,Normal
2026-06-13 12:00:04.158,Node_028,Node_038,CAM,821,8.55,-66.4,56.16,6.96,0,Normal
2026-06-13 12:00:04.288,Node_033,Node_031,CAM,1012,11.01,-53.2,89.14,6.47,0,Normal
2026-06-13 12:00:02.108,Node_019,Node_033,BSM,879,8.33,-71.6,58.58,5.55,0,Normal
2026-06-13 12:00:04.830,Node_044,Node_020,UDP_STREAM,1460,75.56,-79.1,882.54,265.59,1,DoS_Flooding
2026-06-13 12:00:08.820,Node_027,Node_041,CAM,789,3.94,-57.1,24.87,8.83,0,Normal
2026-06-13 12:00:05.112,Node_010,Node_042,DENM,904,2.06,-55.0,14.9,8.809999999999999,0,Normal
2026-06-13 12:00:02.664,Node_050,Node_028,CAM,424,3.76,-46.7,12.75,5.87,0,Normal
2026-06-13 12:00:01.606,Node_036,Node_016,CAM,1139,10.48,-66.7,95.49,7.91,0,Normal
2026-06-13 12:00:10.730,Node_036,Node_039,CAM,524,11.5,-49.3,48.21,9.48,0,Normal
2026-06-13 12:00:10.425,Node_028,Node_036,CAM,656,10.97,-55.3,57.57,7.82,0,Normal
2026-06-13 12:00:05.776,Node_049,Node_016,DENM,1060,8.38,-54.4,71.06,7.45,0,Normal
2026-06-13 12:00:05.467,Node_018,Node_029,CAM,279,9.14,-75.6,20.4,5.109999999999999,0,Normal
2026-06-13 12:00:11.544,Node_006,Node_009,BSM,354,4.31,-57.2,12.21,7.4,0,Normal
2026-06-13 12:00:02.054,Node_027,Node_022,CAM,755,6.66,-82.5,40.23,6.27,0,Normal
2026-06-13 12:00:08.720,Node_050,Node_038,CAM,1168,8.96,-50.7,83.72,6.03,0,Normal
2026-06-13 12:00:08.667,Node_031,Node_001,BSM,1165,5.52,-54.9,51.45,7.3,0,Normal
2026-06-13 12:00:09.594,Node_035,Node_048,TCP_ACK,64,9.35,-53.0,4.79,8.75,0,Normal
2026-06-13 12:00:11.122,Node_015,Node_018,CAM,646,6.86,-69.4,35.45,11.6,0,Normal
2026-06-13 12:00:09.492,Node_047,Node_011,CAM,1060,6.67,-79.9,56.56,4.91,0,Normal
2026-06-13 12:00:01.360,Node_026,Node_038,CAM,777,8.63,-81.6,53.64,8.41,0,Normal
2026-06-13 12:00:11.008,Node_012,Node_004,BSM,466,5.79,-76.5,21.59,7.39,0,Normal
2026-06-13 12:00:09.309,Node_018,Node_049,CAM,1174,33.09,-109.7,96.93,3.0,1,Sybil_Spoofing
2026-06-13 12:00:08.712,Node_015,Node_042,CAM,270,9.81,-58.9,21.19,6.8,0,Normal
2026-06-13 12:00:06.497,Node_013,Node_002,CAM,836,3.52,-80.0,23.54,7.78,0,Normal
2026-06-13 12:00:05.850,Node_030,Node_045,CAM,462,9.67,-78.3,35.74,6.72,0,Normal
2026-06-13 12:00:03.549,Node_050,Node_011,BSM,1187,5.11,-61.9,48.52,5.109999999999999,0,Normal
2026-06-13 12:00:09.752,Node_026,Node_046,BSM,403,2.76,-57.4,8.9,7.59,0,Normal
2026-06-13 12:00:03.348,Node_045,Node_050,CAM,508,10.5,-61.0,42.67,5.37,0,Normal
2026-06-13 12:00:01.880,Node_023,Node_035,CAM,638,8.62,-82.2,44.0,7.65,0,Normal
2026-06-13 12:00:01.235,Node_027,Node_032,TCP_ACK,64,3.06,-46.6,1.57,8.559999999999999,0,Normal
2026-06-13 12:00:12.192,Node_046,Node_010,BSM,645,3.76,-64.1,19.4,5.45,0,Normal
2026-06-13 12:00:14.259,Node_050,Node_031,CAM,676,6.36,-55.8,34.39,6.68,0,Normal
2026-06-13 12:00:07.056,Node_006,Node_018,CAM,1102,6.51,-55.0,57.39,7.83,0,Normal
2026-06-13 12:00:10.593,Node_022,Node_002,BSM,706,10.51,-77.7,59.36,6.17,0,Normal
2026-06-13 12:00:07.600,Node_022,Node_018,BSM,1101,7.96,-49.8,70.11,12.18,0,Normal
2026-06-13 12:00:14.342,Node_013,Node_006,DENM,447,9.2,-65.5,32.9,6.61,0,Normal
2026-06-13 12:00:13.362,Node_042,Node_046,CAM,702,6.48,-84.3,36.39,5.359999999999999,0,Normal
2026-06-13 12:00:11.639,Node_045,Node_016,CAM,513,8.64,-70.2,35.46,8.01,0,Normal
2026-06-13 12:00:10.192,Node_028,Node_048,BSM,763,5.31,-56.9,32.41,6.32,0,Normal
2026-06-13 12:00:07.770,Node_015,Node_008,UDP_STREAM,938,3.93,-80.2,29.49,7.6,0,Normal
2026-06-13 12:00:06.042,Node_013,Node_014,UDP_STREAM,956,6.84,-56.0,52.31,5.91,0,Normal
2026-06-13 12:00:15.408,Node_039,Node_019,CAM,302,10.33,-73.2,24.96,7.66,0,Normal
2026-06-13 12:00:09.396,Node_001,Node_046,TCP_ACK,64,7.34,-74.0,3.76,5.390000000000001,0,Normal
2026-06-13 12:00:09.156,Node_045,Node_009,DENM,853,10.68,-65.4,72.88,5.84,0,Normal
2026-06-13 12:00:09.020,Node_031,Node_029,UDP_STREAM,548,3.84,-82.9,16.83,7.41,0,Normal
2026-06-13 12:00:14.652,Node_008,Node_005,CAM,610,6.92,-61.9,33.77,9.61,0,Normal
2026-06-13 12:00:05.376,Node_010,Node_037,BSM,0,0.0,-45.2,0.0,0.0,1,Blackhole_Drop
2026-06-13 12:00:13.108,Node_039,Node_040,BSM,431,9.76,-69.8,33.65,6.55,0,Normal
2026-06-13 12:00:09.804,Node_038,Node_028,BSM,512,7.69,-82.6,31.5,5.359999999999999,0,Normal
2026-06-13 12:00:04.025,Node_049,Node_014,CAM,840,4.11,-58.6,27.62,8.780000000000001,0,Normal
2026-06-13 12:00:06.264,Node_036,Node_005,TCP_ACK,64,3.57,-68.7,1.83,6.91,0,Normal
2026-06-13 12:00:15.210,Node_019,Node_003,UDP_STREAM,437,4.88,-73.7,17.06,6.84,0,Normal
2026-06-13 12:00:03.304,Node_044,Node_015,DENM,1146,4.65,-53.4,42.63,8.9,0,Normal
2026-06-13 12:00:07.140,Node_028,Node_008,BSM,757,4.25,-79.0,25.74,6.49,0,Normal
2026-06-13 12:00:05.520,Node_005,Node_004,BSM,369,9.93,-61.2,29.31,6.81,0,Normal
2026-06-13 12:00:10.043,Node_029,Node_008,CAM,679,8.89,-57.0,48.29,6.72,0,Normal
2026-06-13 12:00:16.836,Node_035,Node_032,CAM,648,2.8,-83.4,14.52,6.71,0,Normal
2026-06-13 12:00:11.316,Node_039,Node_017,CAM,226,2.91,-46.5,5.26,5.470000000000001,0,Normal
2026-06-13 12:00:01.860,Node_049,Node_044,DENM,1041,4.7,-83.4,39.14,4.62,0,Normal
2026-06-13 12:00:16.250,Node_034,Node_042,DENM,652,11.16,-77.7,58.21,6.99,0,Normal
2026-06-13 12:00:17.010,Node_006,Node_031,CAM,0,0.0,-72.2,0.0,0.0,1,Blackhole_Drop
2026-06-13 12:00:06.477,Node_022,Node_027,DENM,910,6.95,-58.5,50.6,6.05,0,Normal
2026-06-13 12:00:19.200,Node_003,Node_030,BSM,290,5.15,-72.1,11.95,7.29,0,Normal
2026-06-13 12:00:14.577,Node_033,Node_001,CAM,873,34.34,-102.2,74.66,2.0,1,Sybil_Spoofing
2026-06-13 12:00:15.990,Node_049,Node_004,CAM,408,4.67,-79.8,15.24,11.18,0,Normal
2026-06-13 12:00:17.554,Node_008,Node_002,BSM,1196,8.3,-53.0,79.41,9.79,0,Normal
2026-06-13 12:00:11.748,Node_036,Node_001,BSM,765,6.08,-76.0,37.21,6.5,0,Normal
2026-06-13 12:00:05.187,Node_030,Node_008,CAM,863,10.32,-65.1,71.25,7.12,0,Normal
2026-06-13 12:00:18.760,Node_046,Node_018,BSM,625,10.35,-45.8,51.75,5.92,0,Normal
2026-06-13 12:00:06.345,Node_025,Node_013,CAM,1143,7.99,-55.1,73.06,4.720000000000001,0,Normal
2026-06-13 12:00:03.672,Node_018,Node_050,CAM,1008,10.54,-71.4,84.99,5.5600000000000005,0,Normal
2026-06-13 12:00:10.686,Node_001,Node_019,CAM,943,4.99,-61.5,37.64,9.379999999999999,0,Normal
2026-06-13 12:00:18.630,Node_010,Node_029,CAM,751,6.84,-71.7,41.09,6.93,0,Normal
2026-06-13 12:00:14.734,Node_030,Node_021,BSM,1090,3.89,-57.1,33.92,4.76,0,Normal
2026-06-13 12:00:09.660,Node_050,Node_027,BSM,244,5.18,-66.1,10.11,7.02,0,Normal
2026-06-13 12:00:15.087,Node_025,Node_043,BSM,1011,10.21,-45.8,82.58,9.36,0,Normal
2026-06-13 12:00:02.698,Node_009,Node_033,DENM,1188,7.9,-50.2,75.08,5.6,0,Normal
2026-06-13 12:00:17.446,Node_007,Node_034,BSM,1132,6.57,-56.1,59.5,5.05,0,Normal
2026-06-13 12:00:07.056,Node_005,Node_031,CAM,1000,11.69,-71.5,93.52,6.17,0,Normal
2026-06-13 12:00:04.350,Node_022,Node_044,CAM,1079,7.34,-46.8,63.36,9.86,0,Normal
2026-06-13 12:00:19.564,Node_035,Node_003,DENM,832,2.68,-59.8,17.84,5.04,0,Normal
2026-06-13 12:00:09.996,Node_048,Node_006,DENM,644,11.78,-54.6,60.69,6.34,0,Normal
2026-06-13 12:00:05.180,Node_029,Node_011,CAM,910,4.99,-83.8,36.33,9.120000000000001,0,Normal
2026-06-13 12:00:03.576,Node_019,Node_023,CAM,583,6.31,-75.2,29.43,8.67,0,Normal
2026-06-13 12:00:08.400,Node_011,Node_012,CAM,280,8.09,-69.7,18.12,6.56,0,Normal
2026-06-13 12:00:20.687,Node_038,Node_010,TCP_ACK,64,4.32,-59.5,2.21,11.06,0,Normal
2026-06-13 12:00:01.824,Node_030,Node_019,BSM,893,7.47,-82.0,53.37,6.22,0,Normal
2026-06-13 12:00:13.158,Node_041,Node_028,DENM,906,4.5,-51.2,32.62,6.56,0,Normal
2026-06-13 12:00:16.632,Node_031,Node_007,UDP_STREAM,442,5.81,-70.6,20.54,4.54,0,Normal
2026-06-13 12:00:13.175,Node_002,Node_043,BSM,605,4.74,-62.4,22.94,8.58,0,Normal
2026-06-13 12:00:03.432,Node_039,Node_048,DENM,708,10.33,-48.9,58.51,7.51,0,Normal
2026-06-13 12:00:10.676,Node_039,Node_023,CAM,424,8.37,-60.2,28.39,6.58,0,Normal
2026-06-13 12:00:07.110,Node_041,Node_007,UDP_STREAM,1125,8.27,-83.4,74.43,5.87,0,Normal
2026-06-13 12:00:02.862,Node_038,Node_024,CAM,949,3.31,-48.6,25.13,6.77,0,Normal
2026-06-13 12:00:18.560,Node_012,Node_013,TCP_ACK,64,3.32,-63.4,1.7,5.720000000000001,0,Normal
2026-06-13 12:00:23.345,Node_033,Node_018,BSM,1050,3.65,-48.4,30.66,6.03,0,Normal
2026-06-13 12:00:13.770,Node_048,Node_022,BSM,1023,3.15,-46.5,25.78,7.0,0,Normal
2026-06-13 12:00:10.921,Node_044,Node_047,TCP_ACK,64,8.74,-69.1,4.47,7.34,0,Normal
2026-06-13 12:00:16.892,Node_006,Node_026,CAM,214,4.64,-80.1,7.94,7.29,0,Normal
2026-06-13 12:00:12.705,Node_038,Node_025,TCP_ACK,0,0.0,-47.4,0.0,0.0,1,Blackhole_Drop
2026-06-13 12:00:11.454,Node_031,Node_002,UDP_STREAM,834,10.84,-62.5,72.32,4.62,0,Normal
2026-06-13 12:00:11.022,Node_042,Node_005,BSM,850,10.24,-48.6,69.63,5.109999999999999,0,Normal
2026-06-13 12:00:19.152,Node_008,Node_009,CAM,246,11.46,-72.8,22.55,9.14,0,Normal
2026-06-13 12:00:05.746,Node_016,Node_035,BSM,338,5.89,-70.2,15.93,5.93,0,Normal
2026-06-13 12:00:25.160,Node_027,Node_038,CAM,960,9.27,-49.6,71.19,6.5,0,Normal
2026-06-13 12:00:23.085,Node_040,Node_027,TCP_ACK,64,11.39,-73.8,5.83,7.93,0,Normal
2026-06-13 12:00:11.180,Node_029,Node_016,CAM,1075,5.63,-45.8,48.42,6.17,0,Normal
2026-06-13 12:00:17.473,Node_004,Node_026,CAM,482,3.9,-80.1,15.04,7.79,0,Normal
2026-06-13 12:00:21.924,Node_006,Node_043,UDP_STREAM,1500,61.68,-61.1,740.16,317.37,1,DoS_Flooding
2026-06-13 12:00:10.850,Node_005,Node_049,UDP_STREAM,767,4.07,-76.4,24.97,5.73,0,Normal
2026-06-13 12:00:16.544,Node_050,Node_010,UDP_STREAM,1007,11.01,-84.9,88.7,9.95,0,Normal
2026-06-13 12:00:08.319,Node_009,Node_035,DENM,456,9.99,-80.6,36.44,8.17,0,Normal
2026-06-13 12:00:07.654,Node_001,Node_023,UDP_STREAM,1433,47.62,-61.4,545.92,259.3,1,DoS_Flooding
2026-06-13 12:00:25.776,Node_008,Node_048,BSM,265,6.76,-53.9,14.33,5.13,0,Normal
2026-06-13 12:00:06.660,Node_029,Node_033,BSM,426,11.45,-83.3,39.02,5.63,0,Normal
2026-06-13 12:00:25.883,Node_020,Node_030,DENM,858,11.64,-82.6,79.9,6.47,0,Normal
2026-06-13 12:00:20.384,Node_028,Node_044,DENM,310,34.12,-108.8,17.11,1.13,1,Sybil_Spoofing
2026-06-13 12:00:14.640,Node_040,Node_041,CAM,799,7.48,-72.0,47.81,7.7,0,Normal
2026-06-13 12:00:26.680,Node_019,Node_030,CAM,717,8.05,-81.0,46.17,7.39,0,Normal
2026-06-13 12:00:12.025,Node_028,Node_029,CAM,1109,4.28,-71.4,37.97,8.74,0,Normal
2026-06-13 12:00:21.576,Node_047,Node_007,CAM,520,6.27,-58.4,26.08,5.9399999999999995,0,Normal
2026-06-13 12:00:09.163,Node_044,Node_031,TCP_ACK,0,0.0,-51.7,0.0,0.0,1,Blackhole_Drop
2026-06-13 12:00:06.392,Node_048,Node_024,BSM,1031,3.3,-82.6,27.22,8.34,0,Normal
2026-06-13 12:00:17.766,Node_043,Node_008,UDP_STREAM,620,5.54,-58.4,27.48,5.88,0,Normal
2026-06-13 12:00:04.370,Node_019,Node_039,UDP_STREAM,519,5.52,-61.9,22.92,5.67,0,Normal
2026-06-13 12:00:25.403,Node_015,Node_007,CAM,558,10.45,-70.3,46.65,8.74,0,Normal
2026-06-13 12:00:12.864,Node_028,Node_036,BSM,1197,9.67,-60.1,92.6,4.43,0,Normal
2026-06-13 12:00:03.088,Node_039,Node_043,UDP_STREAM,1049,8.93,-83.8,74.94,9.18,0,Normal
2026-06-13 12:00:17.266,Node_022,Node_023,CAM,206,3.81,-79.3,6.28,6.09,0,Normal
2026-06-13 12:00:05.265,Node_010,Node_048,DENM,848,11.72,-81.3,79.51,6.48,0,Normal
2026-06-13 12:00:20.776,Node_027,Node_030,CAM,549,3.57,-72.5,15.68,8.559999999999999,0,Normal
2026-06-13 12:00:06.107,Node_004,Node_010,DENM,361,31.36,-103.4,27.55,2.21,1,Sybil_Spoofing
2026-06-13 12:00:22.968,Node_018,Node_014,UDP_STREAM,0,0.0,-71.2,0.0,0.0,1,Blackhole_Drop
2026-06-13 12:00:26.666,Node_034,Node_043,TCP_ACK,64,5.08,-76.2,2.6,5.48,0,Normal
2026-06-13 12:00:04.800,Node_001,Node_014,CAM,508,11.45,-54.3,46.53,6.58,0,Normal
2026-06-13 12:00:16.884,Node_021,Node_008,UDP_STREAM,207,6.97,-67.8,11.54,8.02,0,Normal
2026-06-13 12:00:29.492,Node_046,Node_015,CAM,712,7.59,-58.3,43.23,7.17,0,Normal
2026-06-13 12:00:22.533,Node_048,Node_003,DENM,646,2.19,-48.2,11.32,6.56,0,Normal
2026-06-13 12:00:24.276,Node_037,Node_026,BSM,926,8.4,-73.4,62.23,5.9399999999999995,0,Normal
2026-06-13 12:00:19.065,Node_011,Node_040,BSM,671,28.65,-97.3,55.4,2.18,1,Sybil_Spoofing
2026-06-13 12:00:29.664,Node_006,Node_026,DENM,1091,5.1,-71.4,44.51,6.33,0,Normal
2026-06-13 12:00:10.971,Node_005,Node_033,BSM,848,3.14,-64.6,21.3,8.01,0,Normal
2026-06-13 12:00:20.592,Node_023,Node_047,CAM,1181,10.19,-52.4,96.28,6.27,0,Normal
2026-06-13 12:00:09.823,Node_017,Node_013,CAM,377,8.02,-54.6,24.19,4.98,0,Normal
2026-06-13 12:00:11.550,Node_050,Node_041,DENM,705,6.64,-62.5,37.45,4.52,0,Normal
2026-06-13 12:00:19.412,Node_041,Node_021,TCP_ACK,64,3.51,-82.3,1.8,7.0,0,Normal
2026-06-13 12:00:18.444,Node_018,Node_038,BSM,257,5.52,-82.0,11.35,7.6,0,Normal
2026-06-13 12:00:04.047,Node_004,Node_024,DENM,1051,4.87,-59.2,40.95,8.98,0,Normal
2026-06-13 12:00:07.062,Node_040,Node_039,UDP_STREAM,719,5.84,-61.8,33.59,6.38,0,Normal
2026-06-13 12:00:04.300,Node_029,Node_037,TCP_ACK,64,8.52,-72.1,4.36,6.12,0,Normal
2026-06-13 12:00:10.368,Node_004,Node_029,UDP_STREAM,305,10.11,-51.5,24.67,6.9,0,Normal
2026-06-13 12:00:06.727,Node_033,Node_042,CAM,376,2.39,-56.7,7.19,5.220000000000001,0,Normal
2026-06-13 12:00:31.392,Node_034,Node_040,UDP_STREAM,362,5.64,-48.3,16.33,6.87,0,Normal
2026-06-13 12:00:21.024,Node_044,Node_039,DENM,253,35.18,-108.6,20.02,1.57,1,Sybil_Spoofing
2026-06-13 12:00:10.560,Node_022,Node_006,DENM,796,8.64,-48.3,55.02,6.34,0,Normal
2026-06-13 12:00:24.310,Node_009,Node_039,TCP_ACK,64,9.09,-81.6,4.65,6.41,0,Normal
2026-06-13 12:00:20.868,Node_009,Node_043,TCP_ACK,64,9.03,-47.1,4.62,9.059999999999999,0,Normal
2026-06-13 12:00:32.112,Node_006,Node_042,UDP_STREAM,886,6.23,-70.5,44.16,6.92,0,Normal
2026-06-13 12:00:12.544,Node_014,Node_022,TCP_ACK,64,11.48,-65.5,5.88,6.08,0,Normal
2026-06-13 12:00:10.125,Node_010,Node_005,CAM,502,10.44,-81.0,41.93,4.77,0,Normal
2026-06-13 12:00:32.544,Node_003,Node_043,UDP_STREAM,544,10.76,-60.3,46.83,4.970000000000001,0,Normal
2026-06-13 12:00:11.123,Node_011,Node_012,BSM,1051,8.93,-60.0,75.08,7.26,0,Normal
2026-06-13 12:00:27.816,Node_003,Node_027,BSM,573,8.76,-75.5,40.16,5.5,0,Normal
2026-06-13 12:00:18.778,Node_049,Node_048,BSM,1002,6.49,-63.6,52.02,6.09,0,Normal
2026-06-13 12:00:29.900,Node_013,Node_024,DENM,894,11.47,-45.6,82.03,6.64,0,Normal
2026-06-13 12:00:18.942,Node_050,Node_025,TCP_ACK,64,7.03,-68.3,3.6,9.14,0,Normal
2026-06-13 12:00:14.152,Node_039,Node_009,DENM,1093,4.5,-59.4,39.35,8.1,0,Normal
2026-06-13 12:00:08.388,Node_046,Node_034,DENM,1071,3.25,-81.6,27.85,6.71,0,Normal
2026-06-13 12:00:29.250,Node_033,Node_010,CAM,1050,6.37,-47.1,53.51,9.01,0,Normal
2026-06-13 12:00:29.375,Node_023,Node_002,CAM,624,2.53,-64.9,12.63,7.83,0,Normal
2026-06-13 12:00:07.080,Node_024,Node_015,CAM,228,5.19,-81.0,9.47,4.67,0,Normal
2026-06-13 12:00:22.515,Node_010,Node_009,DENM,239,4.87,-51.8,9.31,8.91,0,Normal
2026-06-13 12:00:10.710,Node_049,Node_046,UDP_STREAM,680,37.52,-106.2,35.31,2.1,1,Sybil_Spoofing
2026-06-13 12:00:34.655,Node_028,Node_008,UDP_STREAM,1453,76.95,-73.0,894.47,231.36,1,DoS_Flooding
2026-06-13 12:00:06.240,Node_008,Node_032,CAM,811,7.36,-59.7,47.75,8.02,0,Normal
2026-06-13 12:00:11.086,Node_019,Node_028,UDP_STREAM,201,8.15,-75.4,13.11,6.95,0,Normal
2026-06-13 12:00:07.502,Node_034,Node_024,CAM,269,11.53,-63.2,24.81,6.46,0,Normal
2026-06-13 12:00:33.777,Node_036,Node_002,CAM,599,10.73,-83.3,51.42,7.69,0,Normal
2026-06-13 12:00:25.620,Node_017,Node_048,DENM,216,5.57,-82.3,9.62,6.47,0,Normal
2026-06-13 12:00:08.820,Node_050,Node_038,CAM,952,9.57,-79.7,72.89,7.06,0,Normal
2026-06-13 12:00:23.616,Node_042,Node_012,BSM,1050,9.79,-66.4,82.24,6.32,0,Normal
2026-06-13 12:00:13.832,Node_009,Node_005,CAM,933,9.76,-66.7,72.85,6.38,0,Normal
2026-06-13 12:00:05.208,Node_013,Node_003,CAM,523,11.33,-64.4,47.4,5.220000000000001,0,Normal
2026-06-13 12:00:37.101,Node_031,Node_017,CAM,237,9.53,-77.4,18.07,7.19,0,Normal
2026-06-13 12:00:05.500,Node_042,Node_022,TCP_ACK,64,4.73,-53.0,2.42,10.3,0,Normal
2026-06-13 12:00:28.112,Node_048,Node_029,CAM,1116,11.56,-71.4,103.21,6.07,0,Normal
2026-06-13 12:00:34.524,Node_024,Node_034,CAM,473,37.34,-101.0,37.88,2.09,1,Sybil_Spoofing
2026-06-13 12:00:23.276,Node_007,Node_006,CAM,535,8.61,-72.7,36.85,5.79,0,Normal
2026-06-13 12:00:30.226,Node_011,Node_045,CAM,654,5.52,-83.3,28.88,4.91,0,Normal
2026-06-13 12:00:25.500,Node_040,Node_028,CAM,481,31.09,-99.9,32.28,2.03,1,Sybil_Spoofing
2026-06-13 12:00:12.800,Node_002,Node_010,UDP_STREAM,1408,56.8,-53.7,639.8,236.61,1,DoS_Flooding
2026-06-13 12:00:26.214,Node_025,Node_037,BSM,233,8.05,-57.8,15.01,6.54,0,Normal
2026-06-13 12:00:27.090,Node_029,Node_049,BSM,278,7.74,-63.8,17.21,7.79,0,Normal
2026-06-13 12:00:20.979,Node_016,Node_008,BSM,226,9.36,-65.0,16.92,5.720000000000001,0,Normal
2026-06-13 12:00:10.400,Node_017,Node_050,CAM,466,9.04,-76.4,33.7,5.8,0,Normal
2026-06-13 12:00:35.235,Node_013,Node_008,DENM,338,10.53,-66.9,28.47,5.1,0,Normal
2026-06-13 12:00:32.226,Node_006,Node_044,BSM,1190,10.46,-72.2,99.58,5.71,0,Normal
2026-06-13 12:00:06.838,Node_036,Node_035,BSM,497,10.91,-50.9,43.38,4.32,0,Normal
2026-06-13 12:00:14.256,Node_024,Node_033,CAM,429,3.21,-77.0,11.02,7.79,0,Normal
2026-06-13 12:00:36.040,Node_002,Node_024,TCP_ACK,64,7.54,-70.2,3.86,5.33,0,Normal
2026-06-13 12:00:11.438,Node_040,Node_006,DENM,267,5.09,-45.0,10.87,5.35,0,Normal
2026-06-13 12:00:38.448,Node_027,Node_050,DENM,619,10.23,-82.0,50.66,6.59,0,Normal
2026-06-13 12:00:07.504,Node_029,Node_030,DENM,896,7.17,-79.9,51.39,5.51,0,Normal
2026-06-13 12:00:15.064,Node_050,Node_009,CAM,643,7.03,-50.3,36.16,5.42,0,Normal
2026-06-13 12:00:38.340,Node_010,Node_020,CAM,368,3.62,-47.6,10.66,5.26,0,Normal
2026-06-13 12:00:38.482,Node_019,Node_006,CAM,456,3.96,-46.7,14.45,5.68,0,Normal
2026-06-13 12:00:23.664,Node_040,Node_035,CAM,295,7.03,-78.3,16.59,6.78,0,Normal
2026-06-13 12:00:13.377,Node_011,Node_043,BSM,839,9.21,-60.8,61.82,7.89,0,Normal
2026-06-13 12:00:05.480,Node_002,Node_006,BSM,246,11.49,-54.2,22.61,5.45,0,Normal
2026-06-13 12:00:17.325,Node_050,Node_037,DENM,626,8.18,-83.8,40.97,6.48,0,Normal
2026-06-13 12:00:41.124,Node_019,Node_042,DENM,1179,5.02,-75.2,47.35,5.93,0,Normal
2026-06-13 12:00:31.301,Node_020,Node_030,CAM,274,8.89,-78.7,19.49,9.2,0,Normal
2026-06-13 12:00:35.584,Node_014,Node_022,CAM,821,3.44,-50.5,22.59,8.809999999999999,0,Normal
2026-06-13 12:00:27.342,Node_026,Node_009,DENM,978,5.71,-62.5,44.68,5.029999999999999,0,Normal
2026-06-13 12:00:36.120,Node_008,Node_018,CAM,660,4.48,-81.1,23.65,6.52,0,Normal
2026-06-13 12:00:30.348,Node_040,Node_027,CAM,454,11.63,-48.9,42.24,6.66,0,Normal
2026-06-13 12:00:25.380,Node_013,Node_049,CAM,363,6.98,-64.4,20.27,5.91,0,Normal
2026-06-13 12:00:24.904,Node_032,Node_002,CAM,292,11.45,-64.8,26.75,5.71,0,Normal
2026-06-13 12:00:18.460,Node_038,Node_023,CAM,249,2.51,-65.2,5.0,5.5,0,Normal
2026-06-13 12:00:37.050,Node_019,Node_035,TCP_ACK,64,2.08,-80.7,1.06,5.8100000000000005,0,Normal
2026-06-13 12:00:22.022,Node_047,Node_024,CAM,982,30.44,-101.6,47.37,1.58,1,Sybil_Spoofing
2026-06-13 12:00:30.996,Node_033,Node_029,UDP_STREAM,982,7.5,-52.0,58.92,7.5,0,Normal
2026-06-13 12:00:11.520,Node_009,Node_007,CAM,603,5.73,-45.5,27.64,7.04,0,Normal
2026-06-13 12:00:29.767,Node_049,Node_010,TCP_ACK,64,3.99,-64.6,2.04,6.37,0,Normal
2026-06-13 12:00:06.090,Node_003,Node_009,TCP_ACK,64,9.14,-52.8,4.68,5.609999999999999,0,Normal
2026-06-13 12:00:13.968,Node_039,Node_033,BSM,343,5.28,-60.5,14.49,5.82,0,Normal
2026-06-13 12:00:25.112,Node_038,Node_022,UDP_STREAM,719,10.28,-63.7,59.13,10.27,0,Normal
2026-06-13 12:00:25.198,Node_031,Node_002,CAM,577,5.31,-80.6,24.51,9.29,0,Normal
2026-06-13 12:00:25.872,Node_047,Node_045,BSM,844,2.27,-66.0,15.33,5.779999999999999,0,Normal
2026-06-13 12:00:20.060,Node_047,Node_004,DENM,797,6.8,-64.0,43.36,5.32,0,Normal
2026-06-13 12:00:31.672,Node_010,Node_044,DENM,0,0.0,-47.1,0.0,0.0,1,Blackhole_Drop
2026-06-13 12:00:04.158,Node_029,Node_021,BSM,628,3.51,-57.4,17.63,6.09,0,Normal
2026-06-13 12:00:38.740,Node_048,Node_047,CAM,263,9.06,-64.3,19.06,5.18,0,Normal
2026-06-13 12:00:39.468,Node_034,Node_025,DENM,521,11.57,-66.6,48.22,6.86,0,Normal
2026-06-13 12:00:44.700,Node_023,Node_044,DENM,990,10.68,-57.8,84.59,6.29,0,Normal
2026-06-13 12:00:23.177,Node_040,Node_031,CAM,396,11.57,-73.8,36.65,5.970000000000001,0,Normal
2026-06-13 12:00:25.972,Node_050,Node_019,CAM,921,4.07,-56.8,29.99,5.74,0,Normal
2026-06-13 12:00:29.997,Node_036,Node_047,BSM,480,4.88,-62.1,18.74,7.63,0,Normal
2026-06-13 12:00:33.744,Node_023,Node_050,BSM,1023,3.46,-83.3,28.32,5.609999999999999,0,Normal
2026-06-13 12:00:09.150,Node_023,Node_029,DENM,871,4.56,-65.8,31.77,11.3,0,Normal
2026-06-13 12:00:44.982,Node_018,Node_036,CAM,912,4.72,-80.6,34.44,6.72,0,Normal
2026-06-13 12:00:21.797,Node_016,Node_004,CAM,885,11.05,-76.0,78.23,6.6,0,Normal
2026-06-13 12:00:10.780,Node_027,Node_022,CAM,934,6.72,-57.8,50.21,7.19,0,Normal
2026-06-13 12:00:46.350,Node_011,Node_027,TCP_ACK,64,8.53,-49.8,4.37,9.2,0,Normal
2026-06-13 12:00:18.910,Node_049,Node_019,CAM,528,4.85,-82.6,20.49,5.75,0,Normal
2026-06-13 12:00:21.459,Node_035,Node_048,CAM,940,10.5,-83.5,78.96,7.35,0,Normal
2026-06-13 12:00:36.192,Node_012,Node_003,CAM,1056,5.97,-65.2,50.43,7.28,0,Normal
2026-06-13 12:00:26.292,Node_003,Node_001,DENM,505,7.68,-80.7,31.03,8.11,0,Normal
2026-06-13 12:00:25.748,Node_030,Node_042,CAM,756,7.24,-49.4,43.79,6.13,0,Normal
2026-06-13 12:00:43.785,Node_030,Node_018,TCP_ACK,64,3.93,-80.5,2.01,7.96,0,Normal
2026-06-13 12:00:40.132,Node_042,Node_017,DENM,935,3.86,-55.5,28.87,5.66,0,Normal
2026-06-13 12:00:18.703,Node_012,Node_040,CAM,1076,8.39,-68.8,72.22,4.3,0,Normal
2026-06-13 12:00:29.574,Node_006,Node_026,BSM,885,2.95,-45.7,20.89,4.79,0,Normal
2026-06-13 12:00:23.287,Node_001,Node_017,TCP_ACK,64,5.84,-67.1,2.99,6.5,0,Normal
2026-06-13 12:00:30.080,Node_020,Node_038,CAM,940,7.73,-74.5,58.13,7.86,0,Normal
2026-06-13 12:00:22.470,Node_004,Node_043,BSM,321,6.65,-78.6,17.08,6.61,0,Normal
2026-06-13 12:00:28.658,Node_045,Node_008,CAM,854,11.16,-73.2,76.25,6.71,0,Normal
2026-06-13 12:00:21.318,Node_009,Node_031,CAM,356,6.55,-45.4,18.65,7.32,0,Normal
2026-06-13 12:00:48.600,Node_031,Node_049,CAM,750,10.02,-52.0,60.12,7.22,0,Normal
2026-06-13 12:00:09.750,Node_034,Node_029,DENM,740,9.04,-81.9,53.52,8.52,0,Normal
2026-06-13 12:00:08.150,Node_036,Node_033,TCP_ACK,64,4.02,-63.5,2.06,5.87,0,Normal
2026-06-13 12:00:46.761,Node_029,Node_008,CAM,0,0.0,-61.7,0.0,0.0,1,Blackhole_Drop
2026-06-13 12:00:45.920,Node_029,Node_004,CAM,664,3.32,-68.4,17.64,9.05,0,Normal
2026-06-13 12:00:42.112,Node_044,Node_020,TCP_ACK,64,9.23,-69.2,4.73,7.06,0,Normal
2026-06-13 12:00:21.450,Node_038,Node_005,CAM,246,6.24,-57.0,12.28,8.59,0,Normal
2026-06-13 12:00:08.275,Node_005,Node_031,CAM,232,4.87,-77.8,9.04,5.92,0,Normal
2026-06-13 12:00:38.844,Node_024,Node_025,CAM,659,10.7,-48.7,56.41,7.98,0,Normal
2026-06-13 12:00:49.284,Node_009,Node_042,BSM,1080,5.48,-77.9,47.35,8.0,0,Normal
2026-06-13 12:00:48.430,Node_009,Node_047,BSM,428,10.35,-54.8,35.44,4.75,0,Normal
2026-06-13 12:00:42.880,Node_044,Node_047,CAM,757,6.24,-69.8,37.79,6.88,0,Normal
2026-06-13 12:00:42.672,Node_023,Node_010,CAM,482,3.88,-50.0,14.96,6.72,0,Normal
2026-06-13 12:00:06.066,Node_043,Node_027,UDP_STREAM,1426,48.36,-49.6,551.69,224.58,1,DoS_Flooding
2026-06-13 12:00:41.912,Node_039,Node_044,UDP_STREAM,1456,56.72,-75.2,660.67,136.06,1,DoS_Flooding
2026-06-13 12:00:08.136,Node_009,Node_033,BSM,496,4.34,-48.3,17.22,11.91,0,Normal
2026-06-13 12:00:31.280,Node_016,Node_020,CAM,1097,3.43,-58.6,30.1,9.65,0,Normal
2026-06-13 12:00:29.326,Node_018,Node_004,UDP_STREAM,770,11.49,-49.8,70.78,7.35,0,Normal
2026-06-13 12:00:40.698,Node_036,Node_032,BSM,248,11.72,-47.3,23.25,6.83,0,Normal
2026-06-13 12:00:49.392,Node_021,Node_045,BSM,626,6.08,-73.0,30.45,5.18,0,Normal
2026-06-13 12:00:50.568,Node_031,Node_016,DENM,1069,4.25,-50.7,36.35,6.74,0,Normal
2026-06-13 12:00:44.160,Node_004,Node_036,UDP_STREAM,622,11.68,-62.7,58.12,6.62,0,Normal
2026-06-13 12:00:24.912,Node_017,Node_014,DENM,538,8.47,-48.1,36.45,11.6,0,Normal
2026-06-13 12:00:11.451,Node_035,Node_047,CAM,1049,3.9,-74.3,32.73,7.24,0,Normal
2026-06-13 12:00:06.960,Node_005,Node_013,CAM,1023,9.62,-56.0,78.73,8.18,0,Normal
2026-06-13 12:00:46.068,Node_014,Node_022,CAM,510,11.57,-84.4,47.21,5.76,0,Normal
2026-06-13 12:00:14.000,Node_048,Node_049,CAM,690,11.14,-57.2,61.49,7.79,0,Normal
2026-06-13 12:00:38.961,Node_016,Node_036,UDP_STREAM,529,9.76,-69.8,41.3,4.23,0,Normal
2026-06-13 12:00:35.552,Node_020,Node_017,CAM,0,0.0,-65.1,0.0,0.0,1,Blackhole_Drop
2026-06-13 12:00:45.890,Node_049,Node_021,UDP_STREAM,1428,82.06,-72.5,937.45,88.81,1,DoS_Flooding
2026-06-13 12:00:41.064,Node_019,Node_010,CAM,400,5.3,-69.8,16.96,5.2,0,Normal
2026-06-13 12:00:48.635,Node_036,Node_042,CAM,1166,8.85,-74.7,82.55,6.29,0,Normal
2026-06-13 12:00:48.060,Node_030,Node_011,DENM,950,9.95,-78.2,75.62,7.7,0,Normal
2026-06-13 12:00:48.195,Node_012,Node_035,CAM,857,11.57,-64.0,79.32,6.28,0,Normal
2026-06-13 12:00:10.382,Node_043,Node_004,DENM,982,2.06,-79.5,16.18,5.3,0,Normal
2026-06-13 12:00:09.693,Node_046,Node_010,UDP_STREAM,209,39.01,-100.4,7.01,2.83,1,Sybil_Spoofing
2026-06-13 12:00:48.240,Node_002,Node_001,CAM,744,7.52,-84.5,44.76,5.529999999999999,0,Normal
2026-06-13 12:00:28.880,Node_035,Node_019,UDP_STREAM,217,7.02,-57.1,12.19,6.27,0,Normal
2026-06-13 12:00:19.910,Node_007,Node_034,DENM,352,4.41,-60.2,12.42,5.66,0,Normal
2026-06-13 12:00:36.300,Node_018,Node_026,BSM,280,5.73,-68.8,12.84,6.69,0,Normal
2026-06-13 12:00:24.388,Node_020,Node_044,CAM,1047,10.48,-58.9,87.78,6.33,0,Normal
2026-06-13 12:00:06.570,Node_006,Node_026,CAM,588,5.77,-66.0,27.14,6.7,0,Normal
2026-06-13 12:00:19.398,Node_006,Node_032,CAM,1065,6.34,-53.6,54.02,11.69,0,Normal
2026-06-13 12:00:12.478,Node_034,Node_003,CAM,435,4.11,-50.3,14.3,5.220000000000001,0,Normal
2026-06-13 12:00:48.208,Node_018,Node_003,BSM,1146,2.74,-48.0,25.12,8.8,0,Normal
2026-06-13 12:00:06.642,Node_012,Node_021,DENM,216,11.61,-61.5,20.06,4.02,0,Normal
2026-06-13 12:00:41.070,Node_005,Node_020,DENM,366,7.64,-62.3,22.37,5.15,0,Normal
2026-06-13 12:00:54.908,Node_022,Node_025,CAM,973,9.4,-53.4,73.17,6.76,0,Normal
2026-06-13 12:00:11.160,Node_033,Node_048,TCP_ACK,64,11.74,-82.9,6.01,6.28,0,Normal
2026-06-13 12:00:10.817,Node_022,Node_039,CAM,987,8.14,-61.2,64.27,7.25,0,Normal
2026-06-13 12:00:34.782,Node_002,Node_041,BSM,479,9.84,-67.0,37.71,6.02,0,Normal
2026-06-13 12:00:39.750,Node_028,Node_012,CAM,896,7.86,-69.8,56.34,6.39,0,Normal
2026-06-13 12:00:31.960,Node_016,Node_046,BSM,275,2.82,-78.8,6.2,6.36,0,Normal
2026-06-13 12:00:18.473,Node_048,Node_025,CAM,524,5.61,-81.3,23.52,6.52,0,Normal
2026-06-13 12:00:46.494,Node_024,Node_049,CAM,476,3.02,-81.5,11.5,6.62,0,Normal
2026-06-13 12:00:53.439,Node_027,Node_007,CAM,226,2.9,-62.8,5.24,6.31,0,Normal
2026-06-13 12:00:35.340,Node_025,Node_001,BSM,498,6.14,-53.8,24.46,6.03,0,Normal
2026-06-13 12:00:27.432,Node_037,Node_034,CAM,373,8.85,-78.2,26.41,6.18,0,Normal
2026-06-13 12:00:29.796,Node_032,Node_010,BSM,264,3.67,-74.0,7.75,6.81,0,Normal
2026-06-13 12:00:11.107,Node_024,Node_017,CAM,1166,4.47,-60.0,41.7,6.83,0,Normal
2026-06-13 12:00:23.040,Node_030,Node_007,BSM,338,5.05,-47.0,13.66,5.68,0,Normal
2026-06-13 12:00:41.195,Node_022,Node_029,TCP_ACK,64,5.35,-52.4,2.74,5.38,0,Normal
2026-06-13 12:00:16.984,Node_020,Node_021,CAM,817,11.47,-77.0,74.97,4.720000000000001,0,Normal
2026-06-13 12:00:42.957,Node_021,Node_019,TCP_ACK,64,9.35,-59.7,4.79,9.61,0,Normal
2026-06-13 12:00:27.936,Node_021,Node_025,TCP_ACK,64,4.8,-53.6,2.46,5.09,0,Normal
2026-06-13 12:00:23.729,Node_038,Node_035,CAM,384,8.82,-63.0,27.1,5.51,0,Normal
2026-06-13 12:00:49.920,Node_046,Node_014,DENM,648,36.93,-97.3,51.74,2.35,1,Sybil_Spoofing
2026-06-13 12:00:17.595,Node_041,Node_020,DENM,447,4.53,-78.8,16.2,4.93,0,Normal
2026-06-13 12:00:41.552,Node_005,Node_029,DENM,812,6.79,-69.0,44.11,4.65,0,Normal
2026-06-13 12:00:45.981,Node_035,Node_003,UDP_STREAM,1009,11.68,-56.9,94.28,5.8100000000000005,0,Normal
2026-06-13 12:00:12.214,Node_007,Node_050,BSM,454,8.58,-70.8,31.16,8.0,0,Normal
2026-06-13 12:00:08.295,Node_037,Node_042,BSM,893,8.47,-46.3,60.51,6.44,0,Normal
2026-06-13 12:00:47.520,Node_007,Node_001,DENM,300,4.59,-64.6,11.02,10.56,0,Normal
2026-06-13 12:00:26.202,Node_029,Node_024,CAM,600,6.63,-57.8,31.82,7.48,0,Normal
2026-06-13 12:00:19.104,Node_023,Node_002,CAM,694,3.05,-68.4,16.93,5.04,0,Normal
2026-06-13 12:00:15.561,Node_047,Node_010,CAM,556,5.12,-66.8,22.77,6.62,0,Normal
2026-06-13 12:00:53.200,Node_023,Node_031,CAM,299,6.38,-57.1,15.26,4.75,0,Normal
2026-06-13 12:00:34.486,Node_003,Node_046,DENM,0,0.0,-71.3,0.0,0.0,1,Blackhole_Drop
2026-06-13 12:00:20.904,Node_048,Node_016,BSM,728,3.74,-78.6,21.78,5.890000000000001,0,Normal
2026-06-13 12:00:51.584,Node_015,Node_026,CAM,844,3.84,-59.4,25.93,7.25,0,Normal
2026-06-13 12:00:06.868,Node_048,Node_040,CAM,1104,3.97,-61.3,35.06,9.29,0,Normal
2026-06-13 12:00:25.920,Node_014,Node_018,BSM,970,9.04,-53.2,70.15,9.18,0,Normal
2026-06-13 12:00:59.682,Node_012,Node_024,CAM,533,3.97,-80.4,16.93,6.27,0,Normal
2026-06-13 12:00:54.945,Node_034,Node_041,CAM,520,7.97,-60.5,33.16,7.71,0,Normal
2026-06-13 12:00:40.392,Node_023,Node_030,DENM,832,3.73,-58.1,24.83,6.04,0,Normal
2026-06-13 12:00:12.679,Node_044,Node_009,BSM,520,3.18,-72.8,13.23,6.76,0,Normal
2026-06-13 12:00:18.860,Node_033,Node_025,CAM,628,7.96,-62.0,39.99,4.84,0,Normal
2026-06-13 12:00:55.074,Node_041,Node_035,CAM,910,11.19,-47.8,81.46,5.529999999999999,0,Normal
2026-06-13 12:00:21.424,Node_032,Node_019,BSM,343,3.87,-51.3,10.62,7.32,0,Normal
2026-06-13 12:00:41.713,Node_001,Node_032,DENM,339,3.95,-69.6,10.71,4.65,0,Normal
2026-06-13 12:00:56.304,Node_027,Node_044,BSM,703,6.16,-51.4,34.64,6.61,0,Normal
2026-06-13 12:00:12.865,Node_037,Node_002,CAM,1014,9.61,-73.3,77.96,6.73,0,Normal
2026-06-13 12:01:01.152,Node_019,Node_011,CAM,999,6.57,-55.3,52.51,7.38,0,Normal
2026-06-13 12:01:02.550,Node_033,Node_008,CAM,786,3.14,-54.0,19.74,4.84,0,Normal
2026-06-13 12:00:43.054,Node_035,Node_049,DENM,242,9.6,-67.3,18.59,4.7,0,Normal
2026-06-13 12:00:49.442,Node_007,Node_048,BSM,1049,8.54,-75.1,71.67,8.030000000000001,0,Normal
2026-06-13 12:00:07.560,Node_029,Node_017,CAM,556,10.62,-81.5,47.24,6.73,0,Normal
2026-06-13 12:00:16.840,Node_050,Node_016,DENM,414,10.11,-61.5,33.48,6.05,0,Normal
2026-06-13 12:00:50.218,Node_011,Node_040,BSM,342,9.85,-52.5,26.95,4.8100000000000005,0,Normal
2026-06-13 12:00:41.877,Node_035,Node_018,TCP_ACK,64,7.97,-78.3,4.08,5.970000000000001,0,Normal
2026-06-13 12:00:35.616,Node_019,Node_037,BSM,473,11.52,-64.4,43.59,5.23,0,Normal
2026-06-13 12:00:14.450,Node_009,Node_049,DENM,1004,6.12,-82.6,49.16,7.92,0,Normal
2026-06-13 12:00:17.892,Node_045,Node_009,CAM,455,3.46,-72.1,12.59,5.02,0,Normal
2026-06-13 12:00:46.970,Node_032,Node_010,DENM,791,8.32,-59.9,52.65,6.19,0,Normal
2026-06-13 12:00:12.412,Node_041,Node_050,TCP_ACK,64,2.93,-64.4,1.5,7.73,0,Normal
2026-06-13 12:00:44.616,Node_030,Node_032,BSM,535,7.82,-50.2,33.47,7.4,0,Normal
2026-06-13 12:00:14.190,Node_047,Node_030,BSM,850,28.27,-102.0,58.75,1.86,1,Sybil_Spoofing
2026-06-13 12:00:27.584,Node_032,Node_018,DENM,530,10.28,-71.5,43.59,7.42,0,Normal
2026-06-13 12:00:57.888,Node_022,Node_044,CAM,980,2.48,-81.0,19.44,7.73,0,Normal
2026-06-13 12:00:54.991,Node_002,Node_008,UDP_STREAM,1454,55.12,-67.3,641.16,246.82,1,DoS_Flooding
2026-06-13 12:00:18.662,Node_042,Node_020,BSM,0,0.0,-49.9,0.0,0.0,1,Blackhole_Drop
2026-06-13 12:00:44.370,Node_017,Node_006,UDP_STREAM,580,35.89,-100.6,40.14,2.51,1,Sybil_Spoofing
2026-06-13 12:00:51.884,Node_042,Node_006,UDP_STREAM,920,32.79,-101.1,21.71,1.89,1,Sybil_Spoofing
2026-06-13 12:00:05.244,Node_045,Node_022,TCP_ACK,64,10.17,-45.5,5.21,6.37,0,Normal
2026-06-13 12:00:18.834,Node_031,Node_005,CAM,0,0.0,-55.8,0.0,0.0,1,Blackhole_Drop
2026-06-13 12:00:39.510,Node_024,Node_020,CAM,340,5.83,-52.5,15.86,7.21,0,Normal
2026-06-13 12:00:20.240,Node_005,Node_034,CAM,776,2.08,-59.0,12.91,5.279999999999999,0,Normal
2026-06-13 12:00:28.224,Node_041,Node_048,BSM,355,11.2,-60.4,31.81,8.58,0,Normal
2026-06-13 12:00:28.730,Node_006,Node_007,CAM,343,9.52,-61.4,26.12,7.07,0,Normal
2026-06-13 12:00:52.717,Node_021,Node_009,BSM,453,4.77,-81.6,17.29,4.51,0,Normal
2026-06-13 12:00:36.408,Node_050,Node_045,CAM,227,10.48,-58.7,19.03,7.81,0,Normal
2026-06-13 12:01:03.190,Node_039,Node_033,BSM,393,39.32,-96.5,29.81,1.99,1,Sybil_Spoofing
2026-06-13 12:00:16.948,Node_016,Node_032,CAM,853,7.94,-63.9,54.18,7.55,0,Normal
2026-06-13 12:00:45.594,Node_021,Node_009,BSM,596,10.61,-62.3,50.59,6.55,0,Normal
2026-06-13 12:00:24.192,Node_049,Node_031,UDP_STREAM,1177,11.87,-82.1,111.77,8.469999999999999,0,Normal
2026-06-13 12:00:05.837,Node_017,Node_014,DENM,240,11.23,-47.1,21.56,5.65,0,Normal
2026-06-13 12:00:37.350,Node_041,Node_046,DENM,713,9.67,-68.1,55.16,7.91,0,Normal
2026-06-13 12:01:06.297,Node_035,Node_040,UDP_STREAM,356,4.77,-72.6,13.58,6.92,0,Normal
2026-06-13 12:00:28.024,Node_010,Node_035,BSM,534,5.91,-59.6,25.25,4.71,0,Normal
2026-06-13 12:00:11.778,Node_020,Node_045,BSM,647,31.52,-108.7,48.14,1.91,1,Sybil_Spoofing
2026-06-13 12:00:10.896,Node_020,Node_043,UDP_STREAM,1417,80.07,-78.0,907.67,123.5,1,DoS_Flooding
2026-06-13 12:00:44.590,Node_034,Node_047,CAM,465,3.67,-79.9,13.65,5.52,0,Normal
2026-06-13 12:00:35.568,Node_047,Node_008,CAM,989,11.0,-71.6,87.03,4.51,0,Normal
2026-06-13 12:01:05.808,Node_005,Node_017,BSM,929,11.75,-59.9,87.33,5.12,0,Normal
2026-06-13 12:01:04.120,Node_024,Node_004,CAM,711,10.59,-78.3,60.24,6.26,0,Normal
2026-06-13 12:00:16.524,Node_037,Node_044,TCP_ACK,64,9.23,-75.9,4.73,5.5,0,Normal
2026-06-13 12:00:09.660,Node_001,Node_016,UDP_STREAM,247,6.72,-69.7,13.28,10.96,0,Normal
2026-06-13 12:00:08.759,Node_036,Node_046,CAM,958,8.56,-76.0,65.6,5.67,0,Normal
2026-06-13 12:00:42.042,Node_018,Node_005,UDP_STREAM,785,5.73,-64.9,35.98,8.36,0,Normal
2026-06-13 12:00:25.465,Node_015,Node_034,DENM,247,11.54,-82.2,22.8,9.29,0,Normal
2026-06-13 12:00:38.048,Node_050,Node_020,CAM,535,2.86,-66.7,12.24,5.84,0,Normal
2026-06-13 12:00:39.060,Node_037,Node_020,CAM,957,8.23,-66.4,63.01,5.74,0,Normal
2026-06-13 12:01:03.376,Node_050,Node_013,BSM,950,11.0,-54.6,83.6,5.859999999999999,0,Normal
2026-06-13 12:00:05.137,Node_027,Node_002,UDP_STREAM,438,7.42,-59.6,26.0,6.26,0,Normal
2026-06-13 12:00:05.616,Node_022,Node_001,TCP_ACK,64,9.59,-69.9,4.91,6.01,0,Normal
2026-06-13 12:00:41.272,Node_007,Node_014,BSM,742,11.83,-68.2,70.22,5.15,0,Normal
2026-06-13 12:00:21.620,Node_046,Node_018,BSM,295,2.44,-75.7,5.76,6.97,0,Normal
2026-06-13 12:00:54.165,Node_045,Node_024,CAM,0,0.0,-81.6,0.0,0.0,1,Blackhole_Drop
2026-06-13 12:00:20.768,Node_041,Node_026,CAM,276,7.92,-82.5,17.49,11.09,0,Normal
2026-06-13 12:00:20.339,Node_016,Node_019,DENM,467,10.51,-48.0,39.27,7.94,0,Normal
2026-06-13 12:00:44.082,Node_021,Node_029,CAM,478,4.34,-47.3,16.6,6.02,0,Normal
2026-06-13 12:00:17.575,Node_010,Node_007,CAM,368,6.5,-72.4,19.14,7.34,0,Normal
2026-06-13 12:00:48.076,Node_050,Node_014,TCP_ACK,64,6.52,-66.5,3.34,7.28,0,Normal
2026-06-13 12:00:15.741,Node_011,Node_044,UDP_STREAM,1441,52.42,-57.1,604.3,252.12,1,DoS_Flooding
2026-06-13 12:00:48.278,Node_026,Node_033,CAM,250,8.77,-74.6,17.54,4.65,0,Normal
2026-06-13 12:00:08.143,Node_026,Node_029,CAM,769,9.48,-75.0,58.32,5.07,0,Normal
2026-06-13 12:00:21.600,Node_008,Node_001,BSM,263,10.3,-45.7,21.67,5.48,0,Normal
2026-06-13 12:00:53.872,Node_024,Node_044,CAM,845,11.38,-81.6,76.93,6.47,0,Normal
2026-06-13 12:00:13.978,Node_002,Node_005,BSM,402,11.02,-67.3,35.44,3.58,0,Normal
2026-06-13 12:00:45.402,Node_008,Node_003,DENM,1164,6.61,-78.3,61.55,5.45,0,Normal
2026-06-13 12:00:53.724,Node_032,Node_002,TCP_ACK,64,5.83,-67.9,2.98,8.67,0,Normal
2026-06-13 12:00:27.645,Node_018,Node_029,DENM,1104,3.49,-60.4,30.82,5.1899999999999995,0,Normal
2026-06-13 12:00:41.310,Node_032,Node_027,CAM,1103,7.51,-82.6,66.27,6.82,0,Normal
2026-06-13 12:00:21.915,Node_027,Node_013,BSM,858,10.85,-64.0,74.47,6.91,0,Normal
2026-06-13 12:01:12.712,Node_002,Node_025,TCP_ACK,64,9.82,-70.6,5.03,7.06,0,Normal
2026-06-13 12:01:05.526,Node_023,Node_037,TCP_ACK,64,7.02,-69.5,3.59,7.55,0,Normal
2026-06-13 12:00:44.590,Node_039,Node_015,BSM,230,32.94,-95.1,20.17,2.53,1,Sybil_Spoofing
2026-06-13 12:00:33.879,Node_011,Node_007,BSM,453,8.57,-74.3,31.06,9.1,0,Normal
2026-06-13 12:00:11.808,Node_049,Node_015,CAM,789,10.47,-53.1,66.09,6.01,0,Normal
2026-06-13 12:00:26.622,Node_012,Node_016,BSM,806,5.18,-55.5,33.4,5.49,0,Normal
2026-06-13 12:00:08.398,Node_046,Node_045,CAM,560,11.48,-62.5,51.43,7.08,0,Normal
2026-06-13 12:00:28.710,Node_032,Node_035,DENM,516,25.3,-101.0,15.52,1.96,1,Sybil_Spoofing
2026-06-13 12:00:46.624,Node_040,Node_013,CAM,1025,3.3,-56.3,27.06,7.73,0,Normal
2026-06-13 12:00:45.724,Node_004,Node_002,UDP_STREAM,351,7.87,-48.3,22.1,4.87,0,Normal
2026-06-13 12:01:11.712,Node_024,Node_005,BSM,582,9.05,-58.5,42.14,7.62,0,Normal
2026-06-13 12:00:47.904,Node_020,Node_021,DENM,339,11.76,-55.7,31.89,4.99,0,Normal
2026-06-13 12:01:07.000,Node_042,Node_021,BSM,378,9.07,-62.5,27.43,6.85,0,Normal
2026-06-13 12:00:50.601,Node_015,Node_043,DENM,803,10.14,-69.9,65.14,5.970000000000001,0,Normal
2026-06-13 12:00:42.670,Node_009,Node_012,UDP_STREAM,946,2.02,-56.9,15.29,8.440000000000001,0,Normal
2026-06-13 12:00:09.054,Node_012,Node_039,UDP_STREAM,525,11.21,-46.3,47.08,4.91,0,Normal
2026-06-13 12:00:18.144,Node_032,Node_010,CAM,539,9.45,-75.5,40.75,6.72,0,Normal
2026-06-13 12:00:26.260,Node_041,Node_006,CAM,1041,9.09,-59.4,75.7,7.07,0,Normal
2026-06-13 12:01:02.744,Node_001,Node_017,CAM,414,4.5,-82.3,14.9,6.02,0,Normal
2026-06-13 12:00:18.759,Node_047,Node_001,DENM,249,5.86,-55.7,11.67,6.72,0,Normal
2026-06-13 12:00:58.420,Node_032,Node_025,CAM,559,7.46,-80.9,33.36,5.88,0,Normal
2026-06-13 12:00:34.103,Node_011,Node_029,TCP_ACK,64,2.74,-51.2,1.4,6.66,0,Normal
2026-06-13 12:00:46.410,Node_017,Node_007,UDP_STREAM,275,5.42,-49.5,11.92,7.0,0,Normal
2026-06-13 12:00:14.819,Node_036,Node_006,CAM,546,7.94,-60.5,34.68,5.83,0,Normal
2026-06-13 12:00:08.704,Node_028,Node_042,CAM,368,39.62,-105.0,23.76,1.82,1,Sybil_Spoofing
2026-06-13 12:01:15.924,Node_017,Node_043,BSM,488,4.97,-81.2,19.4,4.43,0,Normal
2026-06-13 12:01:17.100,Node_032,Node_010,BSM,255,5.61,-67.9,11.44,4.6899999999999995,0,Normal
2026-06-13 12:01:07.980,Node_013,Node_007,UDP_STREAM,226,4.07,-59.5,7.36,5.970000000000001,0,Normal
2026-06-13 12:01:07.596,Node_008,Node_020,DENM,1003,5.97,-65.4,47.9,5.1,0,Normal
2026-06-13 12:00:17.061,Node_042,Node_035,BSM,596,3.85,-49.6,18.36,6.25,0,Normal
2026-06-13 12:01:04.232,Node_003,Node_017,BSM,650,6.65,-76.0,34.58,8.27,0,Normal
2026-06-13 12:00:12.975,Node_010,Node_049,CAM,913,8.67,-81.6,63.33,8.64,0,Normal
2026-06-13 12:01:16.960,Node_027,Node_049,UDP_STREAM,803,4.28,-82.6,27.49,6.19,0,Normal
2026-06-13 12:01:14.503,Node_027,Node_035,UDP_STREAM,903,10.67,-66.0,77.08,5.18,0,Normal
2026-06-13 12:01:08.382,Node_020,Node_006,DENM,604,11.03,-56.4,53.3,5.1,0,Normal
2026-06-13 12:01:14.266,Node_037,Node_044,CAM,835,3.47,-47.0,23.18,9.370000000000001,0,Normal
2026-06-13 12:00:27.248,Node_014,Node_013,UDP_STREAM,329,2.43,-81.9,6.4,7.87,0,Normal
2026-06-13 12:00:32.025,Node_041,Node_010,CAM,1054,7.95,-72.2,67.03,6.21,0,Normal
2026-06-13 12:00:14.202,Node_006,Node_025,CAM,769,5.97,-72.0,36.73,6.58,0,Normal
2026-06-13 12:01:06.929,Node_001,Node_045,CAM,0,0.0,-53.7,0.0,0.0,1,Blackhole_Drop
2026-06-13 12:00:25.344,Node_010,Node_037,TCP_ACK,64,7.88,-54.7,4.03,7.22,0,Normal
2026-06-13 12:00:19.573,Node_037,Node_050,CAM,303,9.86,-50.3,23.9,6.44,0,Normal
2026-06-13 12:01:00.950,Node_017,Node_025,TCP_ACK,64,8.55,-62.1,4.38,7.54,0,Normal
2026-06-13 12:00:28.674,Node_018,Node_026,TCP_ACK,64,3.44,-60.7,1.76,7.57,0,Normal
2026-06-13 12:00:10.108,Node_026,Node_022,BSM,907,4.38,-55.2,31.78,5.38,0,Normal
2026-06-13 12:00:55.965,Node_002,Node_022,CAM,1037,9.94,-72.6,82.46,6.94,0,Normal
2026-06-13 12:00:18.690,Node_015,Node_009,UDP_STREAM,507,11.74,-67.3,47.62,8.52,0,Normal
2026-06-13 12:00:41.730,Node_047,Node_027,DENM,819,8.46,-77.5,55.43,7.19,0,Normal
2026-06-13 12:01:01.104,Node_048,Node_032,CAM,977,25.98,-98.1,56.04,2.42,1,Sybil_Spoofing
2026-06-13 12:01:00.681,Node_009,Node_050,DENM,1071,7.24,-62.3,62.03,5.57,0,Normal
2026-06-13 12:00:32.818,Node_004,Node_016,CAM,233,6.56,-48.3,12.23,5.59,0,Normal
2026-06-13 12:00:43.120,Node_024,Node_030,DENM,717,5.97,-48.1,34.24,6.46,0,Normal
2026-06-13 12:00:38.340,Node_024,Node_032,CAM,808,6.46,-46.6,41.76,5.7,0,Normal
2026-06-13 12:00:53.559,Node_023,Node_011,DENM,1057,10.94,-55.0,92.51,8.04,0,Normal
2026-06-13 12:00:44.444,Node_002,Node_025,CAM,250,3.63,-62.1,7.26,6.25,0,Normal
2026-06-13 12:00:35.838,Node_042,Node_015,DENM,893,4.07,-58.9,29.08,5.65,0,Normal
2026-06-13 12:00:06.528,Node_031,Node_009,BSM,862,3.73,-53.0,25.72,8.09,0,Normal
2026-06-13 12:00:47.960,Node_046,Node_042,TCP_ACK,64,4.75,-49.2,2.43,5.23,0,Normal
2026-06-13 12:01:09.342,Node_017,Node_014,BSM,677,5.02,-64.2,27.19,6.45,0,Normal
2026-06-13 12:00:19.692,Node_001,Node_033,CAM,878,11.66,-51.4,81.9,5.779999999999999,0,Normal
2026-06-13 12:00:44.936,Node_020,Node_044,CAM,310,6.82,-71.5,16.91,11.21,0,Normal
2026-06-13 12:00:51.057,Node_018,Node_017,BSM,871,9.11,-49.3,63.48,6.45,0,Normal
2026-06-13 12:00:26.400,Node_034,Node_049,DENM,446,11.0,-52.8,39.25,5.45,0,Normal
2026-06-13 12:01:02.263,Node_043,Node_021,CAM,897,3.4,-84.0,24.4,6.53,0,Normal
2026-06-13 12:00:46.920,Node_017,Node_027,CAM,614,5.88,-83.6,28.88,6.25,0,Normal
2026-06-13 12:00:32.074,Node_022,Node_047,CAM,930,4.22,-63.6,31.4,5.6,0,Normal
2026-06-13 12:00:55.954,Node_033,Node_020,DENM,1065,3.7,-58.7,31.52,8.030000000000001,0,Normal
2026-06-13 12:00:47.175,Node_007,Node_031,CAM,331,9.41,-56.0,24.92,7.4,0,Normal
2026-06-13 12:00:31.136,Node_044,Node_022,CAM,870,2.89,-70.8,20.11,6.87,0,Normal
2026-06-13 12:00:49.016,Node_027,Node_022,BSM,580,4.61,-73.2,21.39,5.529999999999999,0,Normal
2026-06-13 12:01:12.540,Node_004,Node_041,CAM,797,7.8,-60.2,49.73,9.719999999999999,0,Normal
2026-06-13 12:00:32.981,Node_033,Node_008,TCP_ACK,64,10.67,-69.7,5.46,6.99,0,Normal
2026-06-13 12:00:12.880,Node_010,Node_009,BSM,405,5.43,-45.5,17.59,5.77,0,Normal
2026-06-13 12:01:11.247,Node_010,Node_021,TCP_ACK,64,39.8,-105.0,5.44,1.63,1,Sybil_Spoofing
2026-06-13 12:00:13.488,Node_001,Node_029,CAM,480,4.09,-54.1,15.71,6.64,0,Normal
2026-06-13 12:00:28.150,Node_032,Node_049,TCP_ACK,64,9.8,-79.8,5.02,7.96,0,Normal
2026-06-13 12:01:07.116,Node_026,Node_028,DENM,1188,6.77,-84.8,64.34,7.06,0,Normal
2026-06-13 12:00:59.325,Node_001,Node_021,BSM,975,10.33,-77.4,80.57,10.63,0,Normal
2026-06-13 12:00:41.318,Node_015,Node_045,CAM,1098,5.44,-79.8,47.78,5.29,0,Normal
2026-06-13 12:00:49.896,Node_011,Node_005,BSM,1043,2.46,-47.1,20.53,5.82,0,Normal
2026-06-13 12:01:21.224,Node_039,Node_034,BSM,545,6.34,-57.5,27.64,12.91,0,Normal
2026-06-13 12:01:16.815,Node_023,Node_049,BSM,392,3.65,-48.7,11.45,6.35,0,Normal
2026-06-13 12:00:07.980,Node_015,Node_047,CAM,334,4.11,-84.1,10.98,5.2,0,Normal
2026-06-13 12:00:23.411,Node_024,Node_046,BSM,866,9.92,-70.0,68.73,7.31,0,Normal
2026-06-13 12:01:23.512,Node_040,Node_004,CAM,808,11.95,-58.5,77.24,8.219999999999999,0,Normal
2026-06-13 12:00:08.595,Node_004,Node_045,BSM,318,6.17,-69.8,15.7,6.34,0,Normal
2026-06-13 12:01:15.194,Node_045,Node_010,BSM,410,8.95,-59.8,29.36,4.5600000000000005,0,Normal
2026-06-13 12:00:20.125,Node_043,Node_034,CAM,476,8.23,-57.0,31.34,5.42,0,Normal
2026-06-13 12:00:20.736,Node_033,Node_047,UDP_STREAM,0,0.0,-80.4,0.0,0.0,1,Blackhole_Drop
2026-06-13 12:00:34.620,Node_039,Node_013,BSM,996,4.63,-64.1,36.89,10.17,0,Normal
2026-06-13 12:01:05.892,Node_019,Node_011,DENM,240,7.48,-48.6,14.36,4.75,0,Normal
2026-06-13 12:01:17.007,Node_022,Node_016,DENM,0,0.0,-81.4,0.0,0.0,1,Blackhole_Drop
2026-06-13 12:01:18.880,Node_010,Node_006,UDP_STREAM,0,0.0,-56.1,0.0,0.0,1,Blackhole_Drop
2026-06-13 12:00:43.575,Node_042,Node_015,BSM,667,11.89,-73.2,63.45,5.08,0,Normal
2026-06-13 12:00:20.370,Node_012,Node_003,BSM,1072,4.91,-52.9,42.11,7.06,0,Normal
2026-06-13 12:00:22.737,Node_007,Node_049,UDP_STREAM,1111,2.46,-50.9,21.86,5.65,0,Normal
2026-06-13 12:00:30.952,Node_022,Node_023,CAM,1115,6.38,-60.1,56.91,6.94,0,Normal
2026-06-13 12:00:19.305,Node_024,Node_022,DENM,387,3.14,-69.0,9.72,6.11,0,Normal
2026-06-13 12:01:03.288,Node_045,Node_031,CAM,1019,6.22,-49.6,50.71,6.28,0,Normal
2026-06-13 12:00:25.241,Node_045,Node_047,DENM,0,0.0,-51.2,0.0,0.0,1,Blackhole_Drop
2026-06-13 12:01:18.204,Node_037,Node_044,CAM,648,3.81,-69.8,19.75,5.17,0,Normal
2026-06-13 12:00:10.013,Node_044,Node_047,CAM,1196,10.92,-65.7,104.48,6.93,0,Normal
2026-06-13 12:01:07.850,Node_029,Node_003,UDP_STREAM,264,4.62,-72.4,9.76,7.71,0,Normal
2026-06-13 12:01:25.104,Node_050,Node_048,CAM,790,9.24,-76.0,58.4,5.08,0,Normal
2026-06-13 12:00:56.832,Node_034,Node_045,BSM,917,8.18,-67.7,60.01,4.8100000000000005,0,Normal
2026-06-13 12:01:18.869,Node_023,Node_043,CAM,892,8.41,-79.1,60.01,6.13,0,Normal
2026-06-13 12:00:13.662,Node_001,Node_042,CAM,1156,3.57,-51.0,33.02,4.390000000000001,0,Normal
2026-06-13 12:00:30.940,Node_005,Node_049,TCP_ACK,64,6.92,-75.4,3.54,6.84,0,Normal
2026-06-13 12:00:13.112,Node_033,Node_015,DENM,763,8.43,-68.9,51.46,7.44,0,Normal
2026-06-13 12:01:15.819,Node_029,Node_037,BSM,658,2.88,-65.1,15.16,4.95,0,Normal
2026-06-13 12:01:21.926,Node_048,Node_042,CAM,218,3.03,-68.5,5.28,7.78,0,Normal
2026-06-13 12:00:05.990,Node_006,Node_039,DENM,1186,8.19,-72.8,77.71,8.469999999999999,0,Normal
2026-06-13 12:00:37.200,Node_042,Node_043,TCP_ACK,64,6.56,-71.4,3.36,7.0,0,Normal
2026-06-13 12:00:40.267,Node_030,Node_022,TCP_ACK,64,7.6,-60.2,3.89,8.620000000000001,0,Normal
2026-06-13 12:01:02.006,Node_046,Node_029,UDP_STREAM,1445,86.49,-58.6,999.82,311.64,1,DoS_Flooding
2026-06-13 12:00:50.652,Node_036,Node_034,CAM,582,9.02,-83.2,42.0,5.8,0,Normal
2026-06-13 12:00:27.180,Node_046,Node_048,DENM,938,6.09,-74.8,45.7,6.31,0,Normal
2026-06-13 12:00:24.200,Node_026,Node_014,UDP_STREAM,668,10.25,-77.4,54.78,5.29,0,Normal
2026-06-13 12:01:10.296,Node_003,Node_041,CAM,1057,8.72,-80.1,73.74,5.76,0,Normal
2026-06-13 12:01:17.089,Node_043,Node_038,UDP_STREAM,1494,47.43,-46.4,566.88,304.8,1,DoS_Flooding
2026-06-13 12:01:20.864,Node_033,Node_050,UDP_STREAM,1143,11.1,-57.3,101.5,6.67,0,Normal
2026-06-13 12:00:25.578,Node_007,Node_025,TCP_ACK,64,8.58,-60.8,4.39,7.13,0,Normal
2026-06-13 12:01:05.880,Node_027,Node_039,DENM,1137,8.93,-75.1,81.23,4.390000000000001,0,Normal
2026-06-13 12:00:59.267,Node_019,Node_029,BSM,1024,3.33,-68.5,27.28,12.82,0,Normal
2026-06-13 12:01:26.292,Node_020,Node_045,CAM,760,10.61,-56.5,64.51,5.38,0,Normal
2026-06-13 12:00:39.845,Node_013,Node_014,BSM,839,9.14,-57.5,61.35,7.44,0,Normal
2026-06-13 12:00:26.402,Node_046,Node_042,UDP_STREAM,1198,11.58,-64.8,110.98,6.87,0,Normal
2026-06-13 12:00:56.580,Node_046,Node_008,DENM,979,5.52,-65.8,43.23,5.6899999999999995,0,Normal
2026-06-13 12:01:11.456,Node_044,Node_048,TCP_ACK,64,10.94,-63.6,5.6,7.28,0,Normal
2026-06-13 12:01:12.806,Node_001,Node_034,TCP_ACK,64,29.0,-109.2,1.57,2.57,1,Sybil_Spoofing
2026-06-13 12:00:51.294,Node_044,Node_017,UDP_STREAM,349,10.39,-57.4,29.01,6.44,0,Normal
2026-06-13 12:01:31.612,Node_003,Node_023,BSM,1033,6.53,-60.4,53.96,10.17,0,Normal
2026-06-13 12:00:41.540,Node_048,Node_042,TCP_ACK,64,7.61,-75.5,3.9,5.92,0,Normal
2026-06-13 12:00:51.543,Node_045,Node_043,UDP_STREAM,248,11.26,-69.5,22.34,6.57,0,Normal
2026-06-13 12:00:55.980,Node_036,Node_004,BSM,213,9.44,-76.9,16.09,5.24,0,Normal
2026-06-13 12:01:16.629,Node_015,Node_041,BSM,921,9.1,-70.3,67.05,7.48,0,Normal
2026-06-13 12:00:37.440,Node_050,Node_047,CAM,1187,3.93,-67.0,37.32,5.5600000000000005,0,Normal
2026-06-13 12:00:18.125,Node_012,Node_048,BSM,726,3.19,-83.4,18.53,6.9,0,Normal
2026-06-13 12:00:48.202,Node_009,Node_011,UDP_STREAM,798,10.46,-84.8,66.78,8.059999999999999,0,Normal
2026-06-13 12:00:30.723,Node_003,Node_010,BSM,1150,5.23,-83.0,48.12,6.15,0,Normal
2026-06-13 12:00:54.636,Node_032,Node_037,DENM,763,5.58,-53.6,34.06,7.31,0,Normal
2026-06-13 12:00:41.514,Node_012,Node_034,DENM,269,9.86,-78.6,21.22,6.99,0,Normal
2026-06-13 12:01:11.190,Node_006,Node_023,CAM,426,10.83,-58.5,36.91,8.14,0,Normal
2026-06-13 12:00:53.635,Node_014,Node_049,BSM,833,7.3,-45.1,48.65,7.32,0,Normal
2026-06-13 12:00:07.584,Node_008,Node_043,BSM,554,6.46,-48.8,28.63,8.6,0,Normal
2026-06-13 12:00:45.576,Node_003,Node_044,CAM,1106,5.21,-48.4,46.1,6.14,0,Normal
2026-06-13 12:01:08.472,Node_017,Node_035,DENM,941,4.83,-48.5,36.36,5.05,0,Normal
2026-06-13 12:01:06.675,Node_033,Node_029,BSM,698,2.44,-49.1,13.62,4.74,0,Normal
2026-06-13 12:01:29.676,Node_006,Node_007,CAM,371,11.72,-54.1,34.78,4.8100000000000005,0,Normal
2026-06-13 12:00:16.562,Node_014,Node_043,CAM,844,9.74,-50.4,65.76,6.09,0,Normal
2026-06-13 12:00:22.968,Node_014,Node_035,CAM,1048,9.03,-46.0,75.71,6.72,0,Normal
2026-06-13 12:00:17.892,Node_048,Node_044,UDP_STREAM,1409,47.71,-56.3,537.79,271.64,1,DoS_Flooding
2026-06-13 12:00:17.920,Node_037,Node_015,BSM,1132,4.59,-69.5,41.57,4.279999999999999,0,Normal
2026-06-13 12:01:16.920,Node_021,Node_002,UDP_STREAM,1492,75.92,-80.3,906.18,262.65,1,DoS_Flooding
2026-06-13 12:00:13.482,Node_045,Node_005,DENM,566,11.28,-80.8,51.08,5.91,0,Normal
2026-06-13 12:00:55.941,Node_039,Node_006,CAM,488,9.65,-67.5,37.67,6.45,0,Normal
2026-06-13 12:00:10.948,Node_031,Node_011,CAM,746,4.2,-55.1,25.07,8.91,0,Normal
2026-06-13 12:01:36.105,Node_019,Node_041,DENM,347,4.98,-49.5,13.82,4.59,0,Normal
2026-06-13 12:01:07.830,Node_001,Node_036,UDP_STREAM,1476,64.7,-80.1,763.98,213.67,1,DoS_Flooding
2026-06-13 12:00:20.057,Node_020,Node_014,BSM,966,9.41,-56.0,72.72,7.33,0,Normal
2026-06-13 12:01:31.368,Node_010,Node_011,UDP_STREAM,388,4.21,-51.6,13.07,6.15,0,Normal
2026-06-13 12:00:36.344,Node_043,Node_037,UDP_STREAM,1072,2.54,-55.0,21.78,7.04,0,Normal
2026-06-13 12:01:37.500,Node_030,Node_042,CAM,762,2.73,-58.1,16.64,6.23,0,Normal
2026-06-13 12:00:39.060,Node_047,Node_038,CAM,698,11.52,-70.7,64.33,7.29,0,Normal
2026-06-13 12:00:45.640,Node_007,Node_019,DENM,834,2.7,-77.3,18.01,5.45,0,Normal
2026-06-13 12:01:01.382,Node_040,Node_043,CAM,513,8.93,-78.9,36.65,5.34,0,Normal
2026-06-13 12:00:58.860,Node_028,Node_011,TCP_ACK,64,2.05,-75.2,1.05,4.529999999999999,0,Normal
2026-06-13 12:01:19.255,Node_018,Node_024,BSM,337,8.8,-71.7,23.72,7.05,0,Normal
2026-06-13 12:01:21.344,Node_023,Node_050,BSM,512,6.87,-80.6,28.14,5.74,0,Normal
2026-06-13 12:00:19.710,Node_018,Node_009,CAM,1112,7.39,-74.5,65.74,4.779999999999999,0,Normal
2026-06-13 12:00:19.082,Node_047,Node_005,UDP_STREAM,1474,73.95,-64.7,872.02,265.76,1,DoS_Flooding
2026-06-13 12:00:42.176,Node_003,Node_036,DENM,466,7.43,-45.1,27.7,7.29,0,Normal
2026-06-13 12:00:31.680,Node_024,Node_026,BSM,428,10.91,-61.4,37.36,6.7,0,Normal
2026-06-13 12:00:29.084,Node_030,Node_033,UDP_STREAM,1430,87.4,-70.4,999.86,274.54,1,DoS_Flooding
2026-06-13 12:00:34.424,Node_049,Node_033,UDP_STREAM,343,6.46,-77.8,17.73,8.82,0,Normal
2026-06-13 12:00:31.161,Node_048,Node_047,DENM,695,11.39,-83.4,63.33,6.38,0,Normal
2026-06-13 12:00:45.816,Node_005,Node_017,CAM,578,4.34,-58.3,20.07,7.16,0,Normal
2026-06-13 12:01:07.830,Node_025,Node_031,BSM,1139,6.55,-83.1,59.68,6.67,0,Normal
2026-06-13 12:01:01.272,Node_007,Node_046,TCP_ACK,64,11.68,-59.7,5.98,6.12,0,Normal
2026-06-13 12:00:51.359,Node_038,Node_035,CAM,783,3.74,-58.9,23.43,7.05,0,Normal
2026-06-13 12:00:19.372,Node_034,Node_017,BSM,585,11.73,-76.1,54.9,8.33,0,Normal
2026-06-13 12:01:05.562,Node_032,Node_031,UDP_STREAM,1108,8.04,-64.9,71.27,6.09,0,Normal
2026-06-13 12:00:34.840,Node_015,Node_005,CAM,726,8.43,-76.5,48.96,7.61,0,Normal
2026-06-13 12:01:08.442,Node_039,Node_046,CAM,1036,3.18,-75.8,26.36,5.63,0,Normal
2026-06-13 12:00:26.208,Node_031,Node_044,TCP_ACK,64,6.79,-76.6,3.48,9.74,0,Normal
2026-06-13 12:01:17.395,Node_002,Node_016,CAM,244,3.28,-61.3,6.4,5.5,0,Normal
2026-06-13 12:01:35.034,Node_003,Node_037,BSM,350,2.56,-74.7,7.17,10.73,0,Normal
2026-06-13 12:01:16.275,Node_039,Node_037,CAM,852,2.19,-56.2,14.93,5.09,0,Normal
2026-06-13 12:00:55.432,Node_006,Node_014,BSM,659,8.07,-66.1,42.55,6.03,0,Normal
2026-06-13 12:00:44.682,Node_027,Node_039,CAM,346,9.95,-52.2,27.54,7.13,0,Normal
2026-06-13 12:01:34.920,Node_017,Node_011,CAM,941,8.86,-48.1,66.7,8.469999999999999,0,Normal
2026-06-13 12:00:18.333,Node_015,Node_025,DENM,594,3.32,-84.3,15.78,9.29,0,Normal
2026-06-13 12:01:34.520,Node_044,Node_027,CAM,1046,3.5,-81.1,29.29,8.940000000000001,0,Normal
2026-06-13 12:00:12.939,Node_035,Node_033,DENM,970,3.18,-65.7,24.68,4.7,0,Normal
2026-06-13 12:01:40.936,Node_001,Node_050,UDP_STREAM,894,8.49,-64.1,60.72,7.08,0,Normal
2026-06-13 12:00:14.343,Node_045,Node_034,DENM,639,4.29,-52.9,21.93,5.55,0,Normal
2026-06-13 12:01:13.188,Node_023,Node_038,DENM,1023,9.41,-54.5,77.01,8.01,0,Normal
2026-06-13 12:00:23.975,Node_028,Node_009,UDP_STREAM,460,6.77,-75.7,24.91,8.24,0,Normal
2026-06-13 12:00:56.252,Node_039,Node_035,CAM,618,4.58,-84.8,22.64,6.91,0,Normal
2026-06-13 12:00:07.557,Node_037,Node_034,DENM,320,7.2,-70.0,18.43,5.82,0,Normal
2026-06-13 12:01:01.920,Node_027,Node_024,CAM,309,3.55,-58.9,8.78,5.220000000000001,0,Normal
2026-06-13 12:01:41.283,Node_028,Node_037,CAM,574,8.12,-45.3,37.29,5.62,0,Normal
2026-06-13 12:00:42.780,Node_027,Node_036,CAM,1002,7.58,-77.9,60.76,5.57,0,Normal
2026-06-13 12:01:31.903,Node_017,Node_020,TCP_ACK,64,7.78,-54.0,3.98,6.53,0,Normal
2026-06-13 12:00:31.140,Node_043,Node_008,CAM,965,4.3,-53.7,33.2,8.11,0,Normal
2026-06-13 12:00:24.255,Node_014,Node_033,BSM,610,9.86,-53.0,48.12,6.63,0,Normal
2026-06-13 12:00:15.962,Node_011,Node_025,DENM,1187,8.36,-52.8,79.39,5.15,0,Normal
2026-06-13 12:01:30.350,Node_039,Node_028,BSM,290,30.76,-109.4,6.12,2.97,1,Sybil_Spoofing
2026-06-13 12:01:39.528,Node_019,Node_046,UDP_STREAM,1186,7.97,-47.2,75.62,7.52,0,Normal
2026-06-13 12:01:34.792,Node_029,Node_001,BSM,406,10.51,-47.8,34.14,10.04,0,Normal
2026-06-13 12:00:41.182,Node_003,Node_039,DENM,722,7.16,-75.7,41.36,6.61,0,Normal
2026-06-13 12:00:13.281,Node_024,Node_016,UDP_STREAM,870,2.0,-78.7,13.92,5.65,0,Normal
2026-06-13 12:01:18.400,Node_023,Node_043,UDP_STREAM,1490,48.43,-77.0,577.29,106.19,1,DoS_Flooding
2026-06-13 12:00:57.482,Node_047,Node_036,DENM,1136,7.83,-71.1,71.16,7.41,0,Normal
2026-06-13 12:00:47.034,Node_039,Node_013,CAM,665,11.3,-62.0,60.12,9.21,0,Normal
2026-06-13 12:01:20.142,Node_033,Node_007,CAM,772,2.72,-73.2,16.8,6.09,0,Normal
2026-06-13 12:01:39.264,Node_017,Node_035,BSM,1032,9.93,-75.0,81.98,5.82,0,Normal
2026-06-13 12:01:14.730,Node_037,Node_031,CAM,988,4.43,-71.4,35.01,4.9399999999999995,0,Normal
2026-06-13 12:01:29.662,Node_038,Node_002,UDP_STREAM,693,3.16,-82.3,17.52,6.58,0,Normal
2026-06-13 12:00:46.662,Node_044,Node_045,TCP_ACK,64,4.3,-72.4,2.2,7.66,0,Normal
2026-06-13 12:01:40.536,Node_035,Node_001,DENM,0,0.0,-75.1,0.0,0.0,1,Blackhole_Drop
2026-06-13 12:01:08.773,Node_005,Node_036,BSM,1153,3.78,-72.4,34.87,6.8,0,Normal
2026-06-13 12:00:55.380,Node_012,Node_048,CAM,899,11.3,-77.4,81.27,7.21,0,Normal
2026-06-13 12:00:49.770,Node_048,Node_016,BSM,1093,4.65,-75.8,40.66,7.34,0,Normal
2026-06-13 12:01:11.912,Node_010,Node_050,CAM,309,3.2,-81.9,7.91,5.25,0,Normal
2026-06-13 12:01:36.968,Node_040,Node_001,CAM,982,10.57,-46.7,83.04,5.43,0,Normal
2026-06-13 12:01:14.970,Node_040,Node_021,CAM,704,10.98,-49.8,61.84,6.6,0,Normal
2026-06-13 12:00:57.200,Node_032,Node_012,CAM,982,11.16,-73.8,87.67,7.54,0,Normal
2026-06-13 12:00:30.072,Node_004,Node_034,UDP_STREAM,1444,64.69,-47.4,747.3,246.29,1,DoS_Flooding
2026-06-13 12:00:38.718,Node_030,Node_008,UDP_STREAM,1486,55.54,-72.4,660.26,221.54,1,DoS_Flooding
2026-06-13 12:01:06.774,Node_024,Node_040,UDP_STREAM,1082,4.6,-63.1,39.82,6.83,0,Normal
2026-06-13 12:01:33.470,Node_040,Node_022,TCP_ACK,64,5.66,-65.0,2.9,6.48,0,Normal
2026-06-13 12:01:15.600,Node_024,Node_026,CAM,486,6.51,-62.1,25.31,5.93,0,Normal
2026-06-13 12:00:49.028,Node_007,Node_047,TCP_ACK,64,4.7,-75.6,2.41,8.36,0,Normal
2026-06-13 12:01:17.254,Node_013,Node_010,TCP_ACK,64,10.0,-55.5,5.12,7.31,0,Normal
2026-06-13 12:00:08.676,Node_012,Node_027,CAM,711,3.34,-49.3,19.0,7.36,0,Normal
2026-06-13 12:01:45.704,Node_047,Node_021,CAM,1004,6.87,-75.0,55.18,5.140000000000001,0,Normal
2026-06-13 12:00:15.950,Node_026,Node_007,BSM,907,3.63,-76.4,26.34,6.03,0,Normal
2026-06-13 12:00:24.684,Node_029,Node_048,CAM,542,4.6,-70.6,19.95,6.55,0,Normal
2026-06-13 12:00:54.525,Node_023,Node_002,TCP_ACK,64,6.12,-71.0,3.13,6.72,0,Normal
2026-06-13 12:00:43.680,Node_037,Node_042,CAM,864,7.38,-45.8,51.01,11.39,0,Normal
2026-06-13 12:01:07.797,Node_044,Node_033,BSM,699,31.96,-100.8,54.52,2.91,1,Sybil_Spoofing
2026-06-13 12:00:37.960,Node_041,Node_022,CAM,631,8.31,-62.1,41.95,4.1,0,Normal
2026-06-13 12:00:20.468,Node_006,Node_011,CAM,551,4.28,-72.3,18.87,6.57,0,Normal
2026-06-13 12:00:57.096,Node_039,Node_042,CAM,604,4.71,-67.2,22.76,7.22,0,Normal
2026-06-13 12:01:14.766,Node_048,Node_038,DENM,733,11.66,-68.4,68.37,6.55,0,Normal
2026-06-13 12:00:11.010,Node_009,Node_047,CAM,440,8.62,-47.4,30.34,3.88,0,Normal
2026-06-13 12:00:22.050,Node_014,Node_011,CAM,606,3.03,-82.4,14.69,6.89,0,Normal
2026-06-13 12:01:50.400,Node_004,Node_002,BSM,989,27.33,-106.1,47.23,2.31,1,Sybil_Spoofing
2026-06-13 12:01:20.333,Node_020,Node_015,BSM,453,9.38,-67.3,33.99,5.05,0,Normal
2026-06-13 12:01:46.272,Node_011,Node_002,CAM,235,8.64,-50.6,16.24,5.65,0,Normal
2026-06-13 12:01:36.809,Node_030,Node_035,UDP_STREAM,1157,4.72,-67.2,43.69,6.4,0,Normal
2026-06-13 12:01:49.520,Node_012,Node_038,CAM,811,6.57,-55.0,42.63,5.779999999999999,0,Normal
2026-06-13 12:01:29.661,Node_034,Node_041,CAM,854,7.34,-48.6,50.15,5.96,0,Normal
2026-06-13 12:00:50.456,Node_006,Node_029,CAM,515,5.66,-74.6,23.32,6.91,0,Normal
2026-06-13 12:00:07.430,Node_034,Node_049,CAM,1068,3.36,-73.5,28.71,5.71,0,Normal
2026-06-13 12:01:40.440,Node_049,Node_031,DENM,506,2.09,-67.8,8.46,4.83,0,Normal
2026-06-13 12:00:51.405,Node_001,Node_036,BSM,582,3.89,-49.7,18.11,7.89,0,Normal
2026-06-13 12:00:54.458,Node_011,Node_046,DENM,954,8.46,-51.9,64.57,5.279999999999999,0,Normal
2026-06-13 12:00:22.410,Node_028,Node_041,TCP_ACK,64,4.4,-54.4,2.25,6.21,0,Normal
2026-06-13 12:00:59.092,Node_019,Node_042,DENM,960,7.32,-74.2,56.22,5.85,0,Normal
2026-06-13 12:00:20.223,Node_012,Node_009,DENM,496,3.1,-66.8,12.3,5.15,0,Normal
2026-06-13 12:01:41.250,Node_013,Node_021,TCP_ACK,64,2.19,-83.0,1.12,7.83,0,Normal
2026-06-13 12:00:42.807,Node_007,Node_019,UDP_STREAM,1411,52.53,-67.5,592.96,200.99,1,DoS_Flooding
2026-06-13 12:01:12.944,Node_027,Node_020,DENM,1004,9.99,-45.1,80.24,5.98,0,Normal
2026-06-13 12:00:13.554,Node_022,Node_006,CAM,1063,9.51,-79.2,80.87,6.46,0,Normal
2026-06-13 12:01:22.940,Node_005,Node_035,BSM,681,3.82,-49.2,20.81,6.63,0,Normal
2026-06-13 12:01:20.785,Node_001,Node_008,CAM,1197,9.68,-75.0,92.7,5.2,0,Normal
2026-06-13 12:01:32.988,Node_016,Node_048,CAM,0,0.0,-55.6,0.0,0.0,1,Blackhole_Drop
2026-06-13 12:00:47.691,Node_031,Node_025,DENM,897,11.61,-47.6,83.31,6.44,0,Normal
2026-06-13 12:00:15.160,Node_048,Node_036,DENM,733,3.22,-65.8,18.88,5.13,0,Normal
2026-06-13 12:01:17.418,Node_004,Node_043,CAM,423,11.73,-75.6,39.69,6.43,0,Normal
2026-06-13 12:00:09.880,Node_011,Node_018,UDP_STREAM,1405,74.05,-53.4,832.32,247.33,1,DoS_Flooding
2026-06-13 12:00:37.289,Node_024,Node_050,CAM,291,4.49,-65.0,10.45,5.92,0,Normal
2026-06-13 12:01:13.152,Node_049,Node_041,DENM,261,2.6,-59.2,5.43,6.88,0,Normal
2026-06-13 12:00:28.231,Node_009,Node_032,UDP_STREAM,438,5.17,-62.7,18.12,6.77,0,Normal
2026-06-13 12:01:14.872,Node_029,Node_047,BSM,397,2.21,-69.9,7.02,8.309999999999999,0,Normal
2026-06-13 12:00:56.610,Node_003,Node_032,DENM,923,6.38,-73.2,47.11,5.2,0,Normal
2026-06-13 12:00:44.428,Node_037,Node_012,CAM,756,5.48,-55.7,33.14,6.36,0,Normal
2026-06-13 12:00:39.117,Node_005,Node_034,BSM,358,6.49,-52.2,18.59,7.91,0,Normal
2026-06-13 12:01:36.768,Node_001,Node_050,BSM,853,7.06,-55.7,48.18,6.87,0,Normal
2026-06-13 12:01:19.207,Node_050,Node_040,BSM,444,5.21,-82.5,18.51,7.7,0,Normal
2026-06-13 12:01:23.930,Node_013,Node_034,CAM,899,6.98,-62.9,50.2,5.13,0,Normal
2026-06-13 12:01:10.932,Node_027,Node_042,BSM,529,26.95,-97.5,13.12,2.75,1,Sybil_Spoofing
2026-06-13 12:00:47.092,Node_007,Node_032,DENM,396,2.99,-62.2,9.47,6.18,0,Normal
2026-06-13 12:01:44.355,Node_034,Node_040,CAM,918,7.9,-83.0,58.02,6.6,0,Normal
2026-06-13 12:00:21.672,Node_001,Node_014,BSM,871,25.91,-98.0,48.15,2.12,1,Sybil_Spoofing
2026-06-13 12:01:29.900,Node_024,Node_046,UDP_STREAM,1409,86.72,-74.4,977.51,103.31,1,DoS_Flooding
2026-06-13 12:00:50.440,Node_034,Node_007,CAM,303,9.25,-63.7,22.42,7.5,0,Normal
2026-06-13 12:01:51.888,Node_043,Node_016,CAM,783,8.25,-77.8,51.68,8.34,0,Normal
2026-06-13 12:01:30.248,Node_048,Node_007,CAM,984,8.39,-70.7,66.05,6.88,0,Normal
2026-06-13 12:01:32.701,Node_007,Node_011,BSM,1011,3.8,-68.9,30.73,5.62,0,Normal
2026-06-13 12:00:39.000,Node_035,Node_039,CAM,653,11.34,-48.9,59.24,7.38,0,Normal
2026-06-13 12:01:12.633,Node_024,Node_027,CAM,982,8.33,-52.0,65.44,8.64,0,Normal
2026-06-13 12:00:55.522,Node_037,Node_035,CAM,419,5.75,-63.0,19.27,6.88,0,Normal
2026-06-13 12:01:19.866,Node_029,Node_026,BSM,200,9.26,-45.7,14.82,5.4,0,Normal
2026-06-13 12:01:51.328,Node_009,Node_020,BSM,206,5.0,-76.1,8.24,5.76,0,Normal
2026-06-13 12:00:11.775,Node_050,Node_045,UDP_STREAM,1042,4.76,-62.9,39.68,6.53,0,Normal
2026-06-13 12:00:38.514,Node_007,Node_003,BSM,671,5.56,-79.5,29.85,8.940000000000001,0,Normal
2026-06-13 12:00:57.451,Node_015,Node_017,BSM,1030,5.0,-62.2,41.2,9.690000000000001,0,Normal
2026-06-13 12:00:51.220,Node_047,Node_005,TCP_ACK,64,9.24,-53.3,4.73,5.470000000000001,0,Normal
2026-06-13 12:00:26.826,Node_039,Node_042,CAM,507,2.37,-52.7,9.61,6.99,0,Normal
2026-06-13 12:00:18.960,Node_050,Node_022,UDP_STREAM,556,10.8,-67.6,48.04,5.75,0,Normal
2026-06-13 12:00:31.640,Node_050,Node_015,UDP_STREAM,1499,76.61,-60.9,918.71,97.72,1,DoS_Flooding
2026-06-13 12:01:54.048,Node_003,Node_021,DENM,752,7.65,-71.9,46.02,7.33,0,Normal
2026-06-13 12:00:38.857,Node_004,Node_044,CAM,949,11.97,-46.2,90.88,6.68,0,Normal
2026-06-13 12:01:50.366,Node_006,Node_015,CAM,642,4.9,-69.2,25.17,6.77,0,Normal
2026-06-13 12:00:24.645,Node_031,Node_037,BSM,963,36.61,-102.5,19.18,1.26,1,Sybil_Spoofing
2026-06-13 12:00:35.024,Node_031,Node_036,CAM,402,6.88,-58.9,22.13,6.91,0,Normal
2026-06-13 12:01:54.768,Node_016,Node_005,TCP_ACK,64,4.66,-67.8,2.39,6.85,0,Normal
2026-06-13 12:00:25.536,Node_008,Node_043,UDP_STREAM,623,6.24,-71.1,31.1,7.76,0,Normal
2026-06-13 12:00:12.784,Node_050,Node_020,DENM,373,11.88,-60.4,35.45,5.51,0,Normal
2026-06-13 12:01:38.400,Node_040,Node_010,TCP_ACK,64,6.4,-48.0,3.28,7.85,0,Normal
2026-06-13 12:01:24.105,Node_010,Node_049,BSM,945,38.9,-95.8,79.61,2.74,1,Sybil_Spoofing
2026-06-13 12:01:06.566,Node_001,Node_022,CAM,910,10.04,-72.8,73.09,6.94,0,Normal
2026-06-13 12:01:15.482,Node_014,Node_048,UDP_STREAM,750,4.12,-63.1,24.72,6.52,0,Normal
2026-06-13 12:02:00.600,Node_031,Node_040,CAM,947,11.92,-57.2,90.31,6.36,0,Normal
2026-06-13 12:01:25.330,Node_038,Node_043,BSM,739,2.43,-78.2,14.37,6.37,0,Normal
2026-06-13 12:01:03.674,Node_004,Node_030,TCP_ACK,64,8.55,-84.7,4.38,6.52,0,Normal
2026-06-13 12:01:03.753,Node_043,Node_024,TCP_ACK,64,10.64,-84.2,5.45,4.859999999999999,0,Normal
2026-06-13 12:01:27.264,Node_015,Node_025,BSM,720,11.77,-81.0,67.8,10.94,0,Normal
2026-06-13 12:01:58.114,Node_006,Node_012,DENM,403,7.01,-66.7,22.6,8.190000000000001,0,Normal
2026-06-13 12:00:12.150,Node_003,Node_016,CAM,1144,7.29,-71.7,66.72,9.719999999999999,0,Normal
2026-06-13 12:00:40.550,Node_002,Node_023,TCP_ACK,64,8.84,-70.8,4.53,7.4,0,Normal
2026-06-13 12:01:52.056,Node_018,Node_004,BSM,840,4.58,-69.5,30.78,5.720000000000001,0,Normal
2026-06-13 12:00:13.821,Node_036,Node_018,DENM,430,3.52,-49.1,12.11,7.17,0,Normal
2026-06-13 12:00:26.048,Node_047,Node_025,CAM,733,11.61,-60.5,68.08,7.75,0,Normal
2026-06-13 12:00:55.420,Node_027,Node_016,UDP_STREAM,786,3.53,-46.2,22.2,5.390000000000001,0,Normal
2026-06-13 12:01:16.704,Node_029,Node_035,CAM,334,4.07,-79.5,10.88,8.6,0,Normal
2026-06-13 12:00:49.837,Node_009,Node_020,CAM,905,9.05,-64.0,65.52,5.95,0,Normal
2026-06-13 12:00:38.446,Node_042,Node_037,DENM,1139,3.58,-82.3,32.62,7.56,0,Normal
2026-06-13 12:00:32.760,Node_012,Node_021,CAM,1059,10.8,-55.9,91.5,8.92,0,Normal
2026-06-13 12:01:34.300,Node_027,Node_020,CAM,653,9.46,-52.1,49.42,6.87,0,Normal
2026-06-13 12:01:05.680,Node_010,Node_050,CAM,392,3.07,-77.6,9.63,8.93,0,Normal
2026-06-13 12:01:04.116,Node_039,Node_037,BSM,827,4.31,-75.7,28.51,4.9,0,Normal
2026-06-13 12:01:23.123,Node_006,Node_045,CAM,998,6.77,-64.9,54.05,5.220000000000001,0,Normal
2026-06-13 12:01:26.520,Node_012,Node_025,CAM,703,6.74,-78.4,37.91,5.51,0,Normal
2026-06-13 12:01:34.050,Node_049,Node_001,BSM,1147,4.7,-68.5,43.13,4.390000000000001,0,Normal
2026-06-13 12:00:50.386,Node_049,Node_014,TCP_ACK,64,2.66,-47.9,1.36,4.6899999999999995,0,Normal
2026-06-13 12:01:51.645,Node_045,Node_021,DENM,1087,6.58,-75.1,57.22,8.940000000000001,0,Normal
2026-06-13 12:00:16.560,Node_039,Node_048,BSM,1044,5.8,-72.5,48.44,8.36,0,Normal
2026-06-13 12:02:01.863,Node_034,Node_042,CAM,0,0.0,-83.5,0.0,0.0,1,Blackhole_Drop
2026-06-13 12:01:44.580,Node_003,Node_016,UDP_STREAM,1449,70.81,-45.6,820.83,233.2,1,DoS_Flooding
2026-06-13 12:00:18.282,Node_013,Node_019,CAM,650,5.98,-72.8,31.1,6.1,0,Normal
2026-06-13 12:01:46.496,Node_011,Node_028,DENM,501,8.13,-82.8,32.59,9.83,0,Normal
2026-06-13 12:00:38.318,Node_030,Node_042,BSM,662,2.9,-65.0,15.36,9.89,0,Normal
2026-06-13 12:02:04.266,Node_009,Node_026,BSM,623,5.23,-84.0,26.07,5.720000000000001,0,Normal
2026-06-13 12:00:50.935,Node_030,Node_006,TCP_ACK,64,4.5,-57.3,2.3,7.75,0,Normal
2026-06-13 12:00:42.636,Node_046,Node_047,DENM,326,2.91,-56.8,7.59,8.26,0,Normal
2026-06-13 12:00:25.947,Node_034,Node_046,BSM,593,9.27,-46.0,43.98,5.6899999999999995,0,Normal
2026-06-13 12:00:41.900,Node_025,Node_036,BSM,589,2.44,-78.2,11.5,3.95,0,Normal
2026-06-13 12:00:40.272,Node_011,Node_010,CAM,383,9.69,-82.9,29.69,7.7,0,Normal
2026-06-13 12:01:44.160,Node_019,Node_041,CAM,385,3.18,-79.7,9.79,5.48,0,Normal
2026-06-13 12:01:02.234,Node_001,Node_030,UDP_STREAM,1463,56.89,-63.3,665.84,223.38,1,DoS_Flooding
2026-06-13 12:01:50.302,Node_030,Node_027,DENM,652,2.79,-61.0,14.55,6.74,0,Normal
2026-06-13 12:02:06.450,Node_018,Node_040,UDP_STREAM,1418,47.75,-52.0,541.68,167.02,1,DoS_Flooding
2026-06-13 12:00:39.668,Node_003,Node_043,BSM,791,10.38,-73.1,65.68,6.04,0,Normal
2026-06-13 12:00:18.590,Node_007,Node_027,DENM,382,3.61,-73.6,11.03,6.85,0,Normal
2026-06-13 12:00:46.530,Node_030,Node_048,TCP_ACK,0,0.0,-47.7,0.0,0.0,1,Blackhole_Drop
2026-06-13 12:01:12.842,Node_021,Node_024,DENM,1119,5.79,-82.3,51.83,4.51,0,Normal
2026-06-13 12:02:07.200,Node_005,Node_019,CAM,682,3.35,-57.2,18.28,4.9399999999999995,0,Normal
2026-06-13 12:02:02.256,Node_027,Node_034,CAM,0,0.0,-60.5,0.0,0.0,1,Blackhole_Drop
2026-06-13 12:02:03.250,Node_006,Node_031,CAM,941,8.89,-47.6,66.92,5.83,0,Normal
2026-06-13 12:01:10.633,Node_028,Node_039,DENM,1068,5.16,-64.0,44.09,7.65,0,Normal
2026-06-13 12:01:25.200,Node_009,Node_040,CAM,776,6.96,-55.8,43.21,8.11,0,Normal
2026-06-13 12:00:47.768,Node_040,Node_015,UDP_STREAM,1403,68.24,-45.8,765.93,272.23,1,DoS_Flooding
2026-06-13 12:00:53.802,Node_040,Node_027,CAM,623,2.45,-71.0,12.21,6.23,0,Normal
2026-06-13 12:00:54.720,Node_001,Node_041,DENM,406,33.25,-105.5,28.91,2.53,1,Sybil_Spoofing
2026-06-13 12:00:33.384,Node_044,Node_022,CAM,549,5.96,-62.2,26.18,6.77,0,Normal
2026-06-13 12:00:46.278,Node_013,Node_022,DENM,1053,5.38,-58.1,45.32,6.0,0,Normal
2026-06-13 12:00:16.302,Node_042,Node_009,DENM,693,3.55,-66.6,19.68,7.87,0,Normal
2026-06-13 12:01:21.605,Node_030,Node_027,CAM,1150,9.43,-51.6,86.76,7.66,0,Normal
2026-06-13 12:01:17.400,Node_036,Node_035,BSM,219,4.08,-57.6,7.15,7.05,0,Normal
2026-06-13 12:01:26.100,Node_005,Node_010,BSM,487,10.41,-71.4,40.56,5.77,0,Normal
2026-06-13 12:02:05.852,Node_011,Node_037,UDP_STREAM,820,5.9,-61.2,38.7,5.34,0,Normal
2026-06-13 12:01:15.944,Node_046,Node_021,CAM,926,2.32,-68.4,17.19,5.43,0,Normal
2026-06-13 12:01:00.480,Node_024,Node_029,UDP_STREAM,1049,11.51,-76.4,96.59,5.48,0,Normal
2026-06-13 12:00:32.870,Node_024,Node_003,BSM,996,4.02,-81.3,32.03,5.4,0,Normal
2026-06-13 12:01:55.178,Node_033,Node_010,DENM,394,5.4,-65.7,17.02,5.83,0,Normal
2026-06-13 12:01:17.163,Node_050,Node_021,CAM,346,9.69,-81.1,26.82,6.46,0,Normal
2026-06-13 12:02:03.256,Node_044,Node_009,UDP_STREAM,410,9.25,-66.6,30.34,6.62,0,Normal
2026-06-13 12:02:04.267,Node_008,Node_001,DENM,518,11.32,-57.5,46.91,5.1899999999999995,0,Normal
2026-06-13 12:00:27.840,Node_022,Node_030,CAM,1110,2.46,-64.2,21.84,6.83,0,Normal
2026-06-13 12:01:17.519,Node_002,Node_037,DENM,976,5.12,-49.3,39.98,6.6,0,Normal
2026-06-13 12:00:51.448,Node_019,Node_018,UDP_STREAM,0,0.0,-67.4,0.0,0.0,1,Blackhole_Drop
2026-06-13 12:00:41.904,Node_011,Node_018,CAM,317,2.15,-60.1,5.45,5.74,0,Normal
2026-06-13 12:00:54.188,Node_035,Node_023,BSM,762,5.18,-79.3,31.58,5.21,0,Normal
2026-06-13 12:01:11.750,Node_037,Node_016,DENM,375,2.71,-60.5,8.13,7.31,0,Normal
2026-06-13 12:01:47.748,Node_004,Node_009,DENM,0,0.0,-58.0,0.0,0.0,1,Blackhole_Drop
2026-06-13 12:00:20.171,Node_006,Node_028,CAM,601,3.79,-61.2,18.22,6.97,0,Normal
2026-06-13 12:01:48.872,Node_040,Node_023,CAM,519,5.32,-77.1,22.09,5.9399999999999995,0,Normal
2026-06-13 12:02:08.334,Node_006,Node_049,CAM,982,6.66,-79.7,52.32,5.8100000000000005,0,Normal
2026-06-13 12:01:53.520,Node_007,Node_030,TCP_ACK,64,5.1,-59.2,2.61,8.08,0,Normal
2026-06-13 12:01:54.530,Node_015,Node_010,CAM,1081,10.96,-74.7,94.78,11.96,0,Normal
2026-06-13 12:00:49.392,Node_045,Node_043,TCP_ACK,64,5.3,-50.6,2.71,6.1,0,Normal
2026-06-13 12:01:58.322,Node_002,Node_005,BSM,686,3.13,-65.9,17.18,6.69,0,Normal
2026-06-13 12:01:12.488,Node_050,Node_023,DENM,818,7.75,-64.7,50.72,6.37,0,Normal
2026-06-13 12:00:32.745,Node_021,Node_036,DENM,865,2.71,-72.9,18.75,5.49,0,Normal
2026-06-13 12:01:41.890,Node_016,Node_040,CAM,449,7.48,-46.0,26.87,5.92,0,Normal
2026-06-13 12:01:26.039,Node_014,Node_045,DENM,805,6.31,-45.8,40.64,10.19,0,Normal
2026-06-13 12:01:26.136,Node_035,Node_045,BSM,441,3.73,-58.2,13.16,5.62,0,Normal
2026-06-13 12:01:59.126,Node_008,Node_038,DENM,810,6.63,-62.8,42.96,6.58,0,Normal
2026-06-13 12:00:48.950,Node_020,Node_026,TCP_ACK,64,2.7,-80.7,1.38,5.6899999999999995,0,Normal
2026-06-13 12:01:35.337,Node_021,Node_032,BSM,860,8.6,-81.4,59.17,6.4,0,Normal
2026-06-13 12:00:08.920,Node_049,Node_010,CAM,876,3.49,-63.7,24.46,5.62,0,Normal
2026-06-13 12:01:50.732,Node_013,Node_014,CAM,897,10.77,-73.0,77.29,5.85,0,Normal
2026-06-13 12:01:17.778,Node_028,Node_046,UDP_STREAM,1465,65.21,-81.4,764.26,114.98,1,DoS_Flooding
2026-06-13 12:01:16.075,Node_004,Node_024,UDP_STREAM,1471,86.04,-46.3,1012.52,169.42,1,DoS_Flooding
2026-06-13 12:01:13.472,Node_002,Node_016,TCP_ACK,64,6.32,-61.4,3.24,6.02,0,Normal
2026-06-13 12:01:35.979,Node_026,Node_025,DENM,645,7.45,-58.5,38.44,7.22,0,Normal
2026-06-13 12:00:52.084,Node_036,Node_025,UDP_STREAM,1063,11.24,-51.4,95.58,6.4,0,Normal
2026-06-13 12:00:37.758,Node_009,Node_001,UDP_STREAM,273,8.48,-79.2,18.52,5.59,0,Normal
2026-06-13 12:01:48.900,Node_009,Node_006,DENM,340,8.42,-68.4,22.9,5.35,0,Normal
2026-06-13 12:01:46.318,Node_040,Node_012,BSM,665,7.09,-62.9,37.72,6.47,0,Normal
2026-06-13 12:01:30.200,Node_015,Node_012,TCP_ACK,64,6.25,-84.7,3.2,8.64,0,Normal
2026-06-13 12:01:03.210,Node_046,Node_033,UDP_STREAM,475,6.11,-63.2,23.22,5.779999999999999,0,Normal
2026-06-13 12:00:17.176,Node_037,Node_031,CAM,921,5.69,-61.8,41.92,4.59,0,Normal
2026-06-13 12:00:27.150,Node_010,Node_047,BSM,948,7.26,-50.6,55.06,6.76,0,Normal
2026-06-13 12:01:13.386,Node_030,Node_034,DENM,280,7.23,-60.6,16.2,8.4,0,Normal
2026-06-13 12:00:26.303,Node_044,Node_041,CAM,752,36.68,-104.8,60.04,1.94,1,Sybil_Spoofing
2026-06-13 12:02:08.028,Node_031,Node_037,UDP_STREAM,951,5.32,-70.9,40.47,5.109999999999999,0,Normal
2026-06-13 12:01:17.265,Node_019,Node_011,BSM,236,8.95,-61.1,16.9,6.64,0,Normal
2026-06-13 12:01:09.160,Node_004,Node_041,BSM,684,7.78,-62.1,42.57,7.76,0,Normal
2026-06-13 12:01:16.524,Node_048,Node_040,UDP_STREAM,227,4.87,-81.7,8.84,5.9399999999999995,0,Normal
2026-06-13 12:01:13.872,Node_017,Node_009,UDP_STREAM,1414,75.19,-50.7,850.55,298.88,1,DoS_Flooding
2026-06-13 12:00:43.824,Node_043,Node_029,TCP_ACK,64,5.7,-78.0,2.92,5.84,0,Normal
2026-06-13 12:01:03.980,Node_032,Node_012,BSM,1018,7.27,-83.7,59.21,6.22,0,Normal
2026-06-13 12:00:43.005,Node_039,Node_010,BSM,1057,6.96,-45.3,58.85,5.16,0,Normal
2026-06-13 12:01:04.120,Node_043,Node_029,CAM,943,8.38,-76.6,63.22,6.75,0,Normal
2026-06-13 12:01:29.866,Node_004,Node_042,DENM,470,9.55,-80.4,35.91,6.82,0,Normal
2026-06-13 12:01:42.816,Node_031,Node_020,UDP_STREAM,687,9.46,-54.9,51.99,6.85,0,Normal
2026-06-13 12:01:38.333,Node_044,Node_046,BSM,599,6.75,-79.2,32.35,6.42,0,Normal
2026-06-13 12:00:11.960,Node_019,Node_029,BSM,591,8.78,-46.5,41.51,5.140000000000001,0,Normal
2026-06-13 12:00:18.420,Node_007,Node_035,CAM,852,5.54,-51.2,37.76,6.15,0,Normal
2026-06-13 12:01:12.838,Node_022,Node_018,DENM,473,10.02,-74.8,37.92,9.67,0,Normal
2026-06-13 12:01:58.144,Node_050,Node_044,TCP_ACK,64,9.49,-55.6,4.86,6.79,0,Normal
2026-06-13 12:00:54.516,Node_034,Node_022,CAM,893,8.9,-77.8,63.58,5.52,0,Normal
2026-06-13 12:00:11.100,Node_005,Node_001,TCP_ACK,64,6.11,-64.0,3.13,7.36,0,Normal
2026-06-13 12:01:31.674,Node_015,Node_047,UDP_STREAM,1411,47.84,-77.3,540.02,224.62,1,DoS_Flooding
2026-06-13 12:01:00.255,Node_039,Node_041,CAM,324,9.08,-80.2,23.54,6.98,0,Normal
2026-06-13 12:00:39.904,Node_025,Node_043,DENM,982,11.0,-62.4,86.42,6.26,0,Normal
2026-06-13 12:00:35.302,Node_045,Node_012,CAM,459,39.93,-103.2,18.18,2.54,1,Sybil_Spoofing
2026-06-13 12:01:25.560,Node_017,Node_011,DENM,999,2.74,-53.9,21.9,5.859999999999999,0,Normal
2026-06-13 12:01:28.445,Node_004,Node_017,CAM,1178,28.01,-95.3,95.47,1.79,1,Sybil_Spoofing
2026-06-13 12:02:05.820,Node_007,Node_010,BSM,753,9.69,-76.3,58.37,5.779999999999999,0,Normal
2026-06-13 12:01:54.759,Node_046,Node_017,CAM,305,2.35,-82.2,5.73,5.96,0,Normal
2026-06-13 12:01:55.816,Node_002,Node_032,UDP_STREAM,1449,58.32,-85.0,676.05,249.51,1,DoS_Flooding
2026-06-13 12:01:42.850,Node_037,Node_001,BSM,727,9.08,-54.2,52.81,8.530000000000001,0,Normal
2026-06-13 12:01:45.768,Node_047,Node_050,UDP_STREAM,1488,85.9,-63.4,1022.55,198.29,1,DoS_Flooding
2026-06-13 12:02:17.739,Node_023,Node_022,UDP_STREAM,898,5.03,-82.8,36.14,8.469999999999999,0,Normal
2026-06-13 12:00:30.954,Node_024,Node_035,BSM,1073,11.61,-81.8,99.66,7.01,0,Normal
2026-06-13 12:01:18.876,Node_042,Node_013,CAM,380,7.54,-46.3,22.92,5.54,0,Normal
2026-06-13 12:01:20.840,Node_045,Node_025,BSM,1117,3.07,-57.4,27.43,5.970000000000001,0,Normal
2026-06-13 12:01:54.802,Node_048,Node_013,TCP_ACK,64,3.4,-77.3,1.74,7.25,0,Normal
2026-06-13 12:01:06.882,Node_032,Node_025,CAM,264,9.93,-59.3,20.97,8.77,0,Normal
2026-06-13 12:01:57.875,Node_002,Node_003,UDP_STREAM,1415,55.58,-53.5,629.17,238.65,1,DoS_Flooding
2026-06-13 12:02:14.992,Node_030,Node_044,CAM,1091,10.74,-79.0,93.74,8.1,0,Normal
2026-06-13 12:00:26.460,Node_003,Node_048,UDP_STREAM,344,6.89,-84.2,18.96,5.02,0,Normal
2026-06-13 12:00:19.866,Node_016,Node_045,TCP_ACK,64,8.49,-84.4,4.35,7.57,0,Normal
2026-06-13 12:01:23.336,Node_007,Node_030,BSM,825,3.71,-61.4,24.49,7.48,0,Normal
2026-06-13 12:00:35.076,Node_008,Node_032,CAM,809,9.99,-76.2,64.66,6.86,0,Normal
2026-06-13 12:01:52.931,Node_022,Node_048,DENM,894,6.02,-80.2,43.06,7.45,0,Normal
2026-06-13 12:02:21.550,Node_009,Node_021,UDP_STREAM,1422,61.78,-76.5,702.81,113.38,1,DoS_Flooding
2026-06-13 12:00:43.746,Node_049,Node_027,TCP_ACK,64,3.68,-70.2,1.88,4.26,0,Normal
2026-06-13 12:01:08.544,Node_038,Node_003,DENM,336,3.0,-51.1,8.06,6.83,0,Normal
2026-06-13 12:00:47.650,Node_002,Node_032,CAM,282,38.3,-100.2,4.65,1.83,1,Sybil_Spoofing
2026-06-13 12:02:04.974,Node_045,Node_009,DENM,411,3.43,-74.2,11.28,6.19,0,Normal
2026-06-13 12:01:07.805,Node_012,Node_040,TCP_ACK,64,8.92,-61.1,4.57,7.09,0,Normal
2026-06-13 12:00:30.592,Node_041,Node_020,CAM,556,6.19,-62.7,27.53,6.75,0,Normal
2026-06-13 12:02:18.765,Node_007,Node_040,TCP_ACK,64,5.62,-54.6,2.88,6.93,0,Normal
2026-06-13 12:01:03.228,Node_030,Node_050,CAM,841,8.59,-73.9,57.79,7.85,0,Normal
2026-06-13 12:00:46.032,Node_044,Node_031,UDP_STREAM,1482,63.21,-58.2,749.42,134.25,1,DoS_Flooding
2026-06-13 12:01:11.040,Node_022,Node_040,UDP_STREAM,1494,47.62,-54.7,569.15,211.28,1,DoS_Flooding
2026-06-13 12:00:48.050,Node_002,Node_032,DENM,727,3.16,-49.2,18.38,5.6899999999999995,0,Normal
2026-06-13 12:01:29.466,Node_027,Node_013,CAM,965,8.77,-72.0,67.7,4.55,0,Normal
2026-06-13 12:01:29.559,Node_015,Node_007,DENM,442,9.38,-50.2,33.17,6.1,0,Normal
2026-06-13 12:01:03.624,Node_005,Node_031,CAM,799,6.84,-49.4,43.72,8.14,0,Normal
2026-06-13 12:02:01.590,Node_012,Node_025,CAM,582,3.36,-56.2,15.64,5.46,0,Normal
2026-06-13 12:01:16.314,Node_013,Node_022,UDP_STREAM,330,2.32,-62.3,6.12,7.1,0,Normal
2026-06-13 12:00:36.746,Node_030,Node_027,DENM,375,9.6,-76.2,28.8,7.87,0,Normal
2026-06-13 12:00:48.400,Node_041,Node_040,TCP_ACK,64,11.06,-61.9,5.66,7.59,0,Normal
2026-06-13 12:01:05.892,Node_006,Node_027,CAM,1077,7.22,-50.5,62.21,5.6899999999999995,0,Normal
2026-06-13 12:02:07.070,Node_030,Node_018,DENM,214,9.3,-55.6,15.92,5.6,0,Normal
2026-06-13 12:01:30.303,Node_028,Node_038,TCP_ACK,64,4.22,-47.9,2.16,6.53,0,Normal
2026-06-13 12:00:10.692,Node_027,Node_003,DENM,241,11.91,-55.7,22.96,6.85,0,Normal
2026-06-13 12:01:54.814,Node_034,Node_026,TCP_ACK,64,6.79,-53.1,3.48,7.43,0,Normal
2026-06-13 12:02:01.750,Node_032,Node_016,TCP_ACK,64,2.83,-54.9,1.45,7.45,0,Normal
2026-06-13 12:01:51.150,Node_014,Node_009,DENM,0,0.0,-59.1,0.0,0.0,1,Blackhole_Drop
2026-06-13 12:02:08.832,Node_043,Node_020,CAM,365,9.03,-50.7,26.37,8.969999999999999,0,Normal
2026-06-13 12:00:15.632,Node_030,Node_050,BSM,341,10.74,-68.8,29.3,6.03,0,Normal
2026-06-13 12:01:41.712,Node_041,Node_030,TCP_ACK,64,9.04,-84.9,4.63,10.43,0,Normal
2026-06-13 12:01:45.732,Node_045,Node_022,BSM,743,2.33,-68.0,13.85,5.21,0,Normal
2026-06-13 12:02:25.040,Node_037,Node_014,DENM,1006,8.85,-60.2,71.22,5.3100000000000005,0,Normal
2026-06-13 12:00:23.544,Node_033,Node_044,DENM,572,10.88,-80.6,49.79,7.67,0,Normal
2026-06-13 12:00:19.640,Node_024,Node_012,CAM,863,7.59,-82.3,52.4,6.15,0,Normal
2026-06-13 12:01:00.946,Node_009,Node_022,BSM,444,7.4,-59.0,26.28,4.18,0,Normal
2026-06-13 12:01:01.992,Node_049,Node_048,UDP_STREAM,979,4.25,-70.9,33.29,8.98,0,Normal
2026-06-13 12:01:56.230,Node_018,Node_004,DENM,264,5.73,-66.9,12.1,7.38,0,Normal
2026-06-13 12:00:40.426,Node_031,Node_046,BSM,744,8.78,-63.7,52.26,6.34,0,Normal
2026-06-13 12:01:42.648,Node_044,Node_045,CAM,1028,11.78,-49.7,96.88,6.24,0,Normal
2026-06-13 12:02:05.476,Node_006,Node_026,DENM,1119,26.68,-107.5,33.93,1.3,1,Sybil_Spoofing
2026-06-13 12:00:47.472,Node_014,Node_034,CAM,1174,8.27,-73.3,77.67,4.41,0,Normal
2026-06-13 12:02:26.520,Node_009,Node_031,UDP_STREAM,1424,48.15,-55.5,548.52,289.87,1,DoS_Flooding
2026-06-13 12:01:08.379,Node_034,Node_042,DENM,543,6.12,-71.3,26.59,5.67,0,Normal
2026-06-13 12:01:32.256,Node_032,Node_038,CAM,881,8.97,-51.3,63.22,8.2,0,Normal
2026-06-13 12:01:26.391,Node_037,Node_009,DENM,1119,9.89,-78.1,88.54,5.77,0,Normal
2026-06-13 12:02:12.202,Node_024,Node_019,DENM,988,10.46,-79.1,82.68,7.02,0,Normal
2026-06-13 12:00:51.740,Node_040,Node_011,CAM,928,7.35,-77.7,54.57,6.25,0,Normal
2026-06-13 12:00:48.804,Node_011,Node_016,CAM,319,2.41,-72.3,6.15,5.4399999999999995,0,Normal
2026-06-13 12:01:15.772,Node_024,Node_012,CAM,410,7.62,-83.6,24.99,6.86,0,Normal
2026-06-13 12:01:37.804,Node_010,Node_024,DENM,659,7.4,-78.5,39.01,6.46,0,Normal
2026-06-13 12:00:15.984,Node_026,Node_032,BSM,986,3.45,-66.7,27.21,8.190000000000001,0,Normal
2026-06-13 12:00:11.000,Node_048,Node_035,UDP_STREAM,1199,7.07,-59.1,67.82,5.98,0,Normal
2026-06-13 12:01:24.084,Node_049,Node_037,CAM,882,3.47,-62.4,24.48,5.68,0,Normal
2026-06-13 12:02:03.246,Node_022,Node_045,DENM,315,9.32,-49.0,23.49,7.75,0,Normal
2026-06-13 12:00:39.117,Node_020,Node_002,BSM,611,8.18,-76.2,39.98,6.24,0,Normal
2026-06-13 12:01:33.372,Node_004,Node_039,BSM,856,3.95,-63.9,27.05,7.91,0,Normal
2026-06-13 12:01:21.405,Node_013,Node_002,UDP_STREAM,285,7.38,-67.2,16.83,5.8100000000000005,0,Normal
2026-06-13 12:00:32.192,Node_033,Node_026,TCP_ACK,64,3.94,-72.3,2.02,6.68,0,Normal
2026-06-13 12:00:24.168,Node_043,Node_024,BSM,607,3.48,-50.8,16.9,5.73,0,Normal
2026-06-13 12:01:45.840,Node_001,Node_019,CAM,553,5.51,-45.9,24.38,5.49,0,Normal
2026-06-13 12:00:32.288,Node_014,Node_047,CAM,1109,6.44,-45.3,57.14,4.3100000000000005,0,Normal
2026-06-13 12:01:23.830,Node_011,Node_047,CAM,1193,10.98,-55.9,104.79,9.07,0,Normal
2026-06-13 12:00:32.352,Node_010,Node_014,CAM,510,6.75,-50.3,27.54,5.87,0,Normal
2026-06-13 12:00:26.312,Node_038,Node_049,CAM,584,2.88,-68.6,13.46,7.23,0,Normal
2026-06-13 12:01:57.508,Node_012,Node_036,BSM,673,9.1,-54.8,48.99,6.26,0,Normal
2026-06-13 12:00:57.798,Node_025,Node_019,BSM,767,6.91,-52.1,42.4,8.379999999999999,0,Normal
2026-06-13 12:01:28.305,Node_032,Node_036,UDP_STREAM,1433,60.01,-83.9,687.95,235.53,1,DoS_Flooding
2026-06-13 12:02:12.080,Node_008,Node_042,BSM,881,10.93,-68.3,77.03,6.77,0,Normal
2026-06-13 12:01:13.224,Node_002,Node_008,TCP_ACK,64,9.65,-65.3,4.94,7.63,0,Normal
2026-06-13 12:01:43.836,Node_038,Node_031,BSM,779,6.36,-74.7,39.64,6.56,0,Normal
2026-06-13 12:00:40.760,Node_024,Node_033,CAM,950,7.75,-51.2,58.9,5.58,0,Normal
2026-06-13 12:00:24.480,Node_010,Node_021,CAM,672,10.78,-79.6,57.95,4.6899999999999995,0,Normal
2026-06-13 12:01:20.659,Node_024,Node_027,DENM,851,11.12,-70.8,75.7,5.6899999999999995,0,Normal
2026-06-13 12:02:28.190,Node_041,Node_005,DENM,726,3.94,-59.9,22.88,4.49,0,Normal
2026-06-13 12:00:53.196,Node_035,Node_021,BSM,1093,5.16,-51.2,45.12,7.58,0,Normal
2026-06-13 12:01:20.896,Node_044,Node_045,BSM,904,5.63,-63.6,40.72,7.16,0,Normal
2026-06-13 12:00:47.150,Node_001,Node_009,DENM,730,4.81,-53.8,28.09,7.78,0,Normal
2026-06-13 12:00:52.326,Node_007,Node_014,BSM,358,7.03,-51.7,20.13,5.38,0,Normal
2026-06-13 12:02:27.888,Node_035,Node_046,BSM,764,9.02,-52.9,55.13,5.23,0,Normal
2026-06-13 12:00:29.812,Node_008,Node_009,DENM,1145,2.17,-71.1,19.88,7.25,0,Normal
2026-06-13 12:00:46.305,Node_029,Node_039,TCP_ACK,64,7.23,-46.2,3.7,7.19,0,Normal
2026-06-13 12:01:29.610,Node_002,Node_048,UDP_STREAM,1034,3.19,-79.9,26.39,4.6,0,Normal
2026-06-13 12:01:10.108,Node_020,Node_009,DENM,414,3.3,-81.9,10.93,5.640000000000001,0,Normal
2026-06-13 12:00:39.216,Node_005,Node_002,CAM,993,6.84,-67.8,54.34,9.21,0,Normal
2026-06-13 12:00:18.594,Node_043,Node_033,BSM,807,2.59,-80.2,16.72,7.66,0,Normal
2026-06-13 12:00:26.884,Node_020,Node_043,CAM,210,9.55,-53.7,16.04,6.15,0,Normal
2026-06-13 12:01:04.170,Node_038,Node_013,CAM,389,8.71,-83.8,27.11,5.109999999999999,0,Normal
2026-06-13 12:01:23.916,Node_038,Node_023,TCP_ACK,64,5.52,-50.8,2.83,5.359999999999999,0,Normal
2026-06-13 12:01:13.627,Node_033,Node_037,UDP_STREAM,1427,80.79,-61.9,922.3,311.6,1,DoS_Flooding
2026-06-13 12:00:55.014,Node_049,Node_035,BSM,204,11.74,-81.1,19.16,4.93,0,Normal
2026-06-13 12:02:24.421,Node_046,Node_031,CAM,575,8.98,-77.6,41.31,8.45,0,Normal
2026-06-13 12:00:38.480,Node_012,Node_023,DENM,588,6.24,-64.4,29.35,8.25,0,Normal
2026-06-13 12:01:33.690,Node_008,Node_030,BSM,312,7.2,-65.2,17.97,5.140000000000001,0,Normal
2026-06-13 12:01:26.486,Node_036,Node_047,CAM,241,2.82,-65.3,5.44,9.9,0,Normal
2026-06-13 12:02:11.418,Node_039,Node_048,CAM,519,8.87,-51.4,36.83,5.9,0,Normal
2026-06-13 12:01:59.016,Node_019,Node_028,DENM,393,10.57,-49.2,33.23,6.49,0,Normal
2026-06-13 12:01:48.680,Node_012,Node_001,UDP_STREAM,890,6.92,-80.8,49.27,5.890000000000001,0,Normal
2026-06-13 12:00:32.426,Node_008,Node_010,CAM,0,0.0,-61.4,0.0,0.0,1,Blackhole_Drop
2026-06-13 12:00:55.491,Node_005,Node_024,CAM,1198,3.99,-77.0,38.24,6.02,0,Normal
2026-06-13 12:01:58.424,Node_008,Node_015,BSM,1058,6.25,-65.0,52.9,4.609999999999999,0,Normal
2026-06-13 12:01:22.871,Node_049,Node_042,UDP_STREAM,1165,6.0,-66.0,55.92,6.03,0,Normal
2026-06-13 12:01:58.650,Node_032,Node_033,CAM,485,3.47,-66.8,13.46,6.36,0,Normal
2026-06-13 12:02:21.885,Node_032,Node_015,TCP_ACK,0,0.0,-79.6,0.0,0.0,1,Blackhole_Drop
2026-06-13 12:00:24.196,Node_005,Node_032,BSM,894,2.27,-77.8,16.24,4.82,0,Normal
2026-06-13 12:01:37.929,Node_010,Node_020,CAM,836,8.23,-54.6,55.04,4.87,0,Normal
2026-06-13 12:02:30.722,Node_050,Node_032,DENM,1011,6.66,-73.3,53.87,6.74,0,Normal
2026-06-13 12:02:26.645,Node_017,Node_035,UDP_STREAM,1497,46.58,-63.4,557.84,186.15,1,DoS_Flooding
2026-06-13 12:00:42.240,Node_025,Node_029,UDP_STREAM,1422,72.83,-67.3,828.51,287.18,1,DoS_Flooding
2026-06-13 12:01:31.959,Node_046,Node_011,CAM,703,6.31,-72.5,35.49,8.48,0,Normal
2026-06-13 12:00:40.204,Node_037,Node_044,CAM,702,8.6,-57.6,48.3,5.07,0,Normal
2026-06-13 12:02:18.729,Node_036,Node_011,UDP_STREAM,718,2.56,-74.5,14.7,5.46,0,Normal
2026-06-13 12:01:52.360,Node_040,Node_044,DENM,561,26.92,-101.1,43.35,1.73,1,Sybil_Spoofing
2026-06-13 12:00:16.976,Node_049,Node_041,CAM,549,5.81,-67.9,25.52,4.59,0,Normal
2026-06-13 12:02:02.130,Node_023,Node_004,DENM,877,4.44,-75.6,31.15,6.21,0,Normal
2026-06-13 12:00:32.953,Node_045,Node_005,UDP_STREAM,1441,46.87,-71.5,540.32,239.58,1,DoS_Flooding
2026-06-13 12:02:05.552,Node_037,Node_033,UDP_STREAM,1123,6.21,-84.2,55.79,6.89,0,Normal
2026-06-13 12:00:15.975,Node_021,Node_025,DENM,784,5.9,-62.1,37.0,7.87,0,Normal
2026-06-13 12:00:37.310,Node_045,Node_044,BSM,410,5.36,-64.9,17.58,5.92,0,Normal
2026-06-13 12:01:42.432,Node_011,Node_040,CAM,506,5.63,-67.6,22.79,5.0600000000000005,0,Normal
2026-06-13 12:00:30.972,Node_035,Node_014,DENM,494,4.65,-73.1,18.38,4.84,0,Normal
2026-06-13 12:01:11.623,Node_040,Node_048,UDP_STREAM,0,0.0,-51.2,0.0,0.0,1,Blackhole_Drop
2026-06-13 12:01:42.720,Node_018,Node_005,UDP_STREAM,780,10.01,-66.0,62.46,6.85,0,Normal
2026-06-13 12:00:31.059,Node_042,Node_020,TCP_ACK,64,7.05,-73.0,3.61,9.620000000000001,0,Normal
2026-06-13 12:01:36.480,Node_013,Node_027,CAM,611,4.51,-64.4,22.04,6.02,0,Normal
2026-06-13 12:02:40.950,Node_012,Node_002,BSM,842,9.03,-50.5,60.83,6.87,0,Normal
2026-06-13 12:01:08.736,Node_043,Node_048,CAM,1160,6.67,-47.5,61.9,6.32,0,Normal
2026-06-13 12:02:10.075,Node_037,Node_047,UDP_STREAM,841,2.6,-77.0,17.49,5.15,0,Normal
2026-06-13 12:01:16.396,Node_010,Node_048,DENM,901,9.66,-51.2,69.63,6.84,0,Normal
2026-06-13 12:00:28.002,Node_041,Node_014,CAM,1066,6.12,-52.1,52.19,8.129999999999999,0,Normal
2026-06-13 12:01:20.850,Node_044,Node_039,CAM,441,6.06,-80.5,21.38,7.43,0,Normal
2026-06-13 12:01:17.688,Node_020,Node_030,CAM,697,7.6,-67.6,42.38,5.609999999999999,0,Normal
2026-06-13 12:00:20.520,Node_013,Node_011,DENM,479,3.36,-74.7,12.88,12.12,0,Normal
2026-06-13 12:02:42.150,Node_012,Node_042,TCP_ACK,64,10.53,-46.4,5.39,6.13,0,Normal
2026-06-13 12:00:16.230,Node_004,Node_006,UDP_STREAM,521,8.02,-50.3,33.43,8.41,0,Normal
2026-06-13 12:02:03.462,Node_024,Node_043,BSM,873,10.86,-69.1,75.85,6.05,0,Normal
2026-06-13 12:00:48.780,Node_016,Node_008,DENM,784,9.34,-47.7,58.58,8.36,0,Normal
2026-06-13 12:02:36.240,Node_017,Node_032,TCP_ACK,64,10.85,-75.5,5.56,6.22,0,Normal
2026-06-13 12:01:37.740,Node_022,Node_038,CAM,954,5.9,-55.1,45.03,6.3,0,Normal
2026-06-13 12:02:08.266,Node_014,Node_010,DENM,309,3.75,-46.2,9.27,8.059999999999999,0,Normal
2026-06-13 12:01:21.600,Node_038,Node_004,BSM,0,0.0,-57.0,0.0,0.0,1,Blackhole_Drop
2026-06-13 12:02:42.261,Node_028,Node_031,BSM,899,4.46,-73.9,32.08,6.17,0,Normal
2026-06-13 12:00:51.230,Node_024,Node_031,BSM,932,5.68,-72.7,42.35,5.96,0,Normal
2026-06-13 12:00:19.638,Node_048,Node_043,CAM,1018,11.41,-57.4,92.92,5.58,0,Normal
2026-06-13 12:01:17.532,Node_017,Node_036,TCP_ACK,64,5.85,-59.4,3.0,5.43,0,Normal
2026-06-13 12:00:44.813,Node_035,Node_016,UDP_STREAM,1078,6.42,-84.7,55.37,5.65,0,Normal
2026-06-13 12:01:22.050,Node_020,Node_006,CAM,1158,10.23,-75.6,94.77,5.82,0,Normal
2026-06-13 12:00:55.845,Node_029,Node_041,CAM,524,10.79,-54.3,45.23,7.79,0,Normal
2026-06-13 12:00:19.728,Node_018,Node_006,BSM,1042,9.79,-65.3,81.61,7.23,0,Normal
2026-06-13 12:01:44.215,Node_046,Node_028,CAM,1097,11.19,-81.0,98.2,7.55,0,Normal
2026-06-13 12:01:23.448,Node_033,Node_005,BSM,560,6.21,-55.8,27.82,7.52,0,Normal
2026-06-13 12:01:42.207,Node_030,Node_045,BSM,228,9.62,-59.3,17.55,8.39,0,Normal
2026-06-13 12:02:15.300,Node_042,Node_009,TCP_ACK,64,2.03,-77.0,1.04,5.5600000000000005,0,Normal
2026-06-13 12:00:34.131,Node_008,Node_011,DENM,455,7.16,-46.2,26.06,6.78,0,Normal
2026-06-13 12:00:47.386,Node_039,Node_044,CAM,620,9.93,-72.2,49.25,4.74,0,Normal
2026-06-13 12:00:48.532,Node_017,Node_012,CAM,903,7.93,-71.9,57.29,4.75,0,Normal
2026-06-13 12:00:34.224,Node_027,Node_024,CAM,386,5.93,-69.9,18.31,6.63,0,Normal
2026-06-13 12:01:14.035,Node_002,Node_036,UDP_STREAM,862,28.93,-103.1,56.0,2.7,1,Sybil_Spoofing
2026-06-13 12:00:24.332,Node_026,Node_040,CAM,639,8.0,-79.0,40.9,6.52,0,Normal
2026-06-13 12:00:58.671,Node_037,Node_008,CAM,214,9.19,-67.6,15.73,7.38,0,Normal
2026-06-13 12:02:19.608,Node_044,Node_032,CAM,321,4.24,-76.9,10.89,8.93,0,Normal
2026-06-13 12:01:26.502,Node_019,Node_048,BSM,706,5.82,-67.7,32.87,6.49,0,Normal
2026-06-13 12:01:12.150,Node_019,Node_047,CAM,893,3.89,-77.8,27.79,6.27,0,Normal
2026-06-13 12:00:18.887,Node_019,Node_017,CAM,441,8.18,-48.7,28.86,5.62,0,Normal
2026-06-13 12:02:21.224,Node_006,Node_001,CAM,680,3.33,-72.1,18.12,7.82,0,Normal
2026-06-13 12:01:11.232,Node_046,Node_025,UDP_STREAM,925,25.78,-101.6,46.1,2.86,1,Sybil_Spoofing
2026-06-13 12:02:24.820,Node_023,Node_039,DENM,1161,8.71,-52.9,80.9,6.12,0,Normal
2026-06-13 12:00:23.415,Node_001,Node_017,DENM,716,8.2,-72.9,46.97,7.42,0,Normal
2026-06-13 12:01:56.064,Node_009,Node_036,CAM,242,7.8,-74.6,15.1,6.59,0,Normal
2026-06-13 12:01:47.232,Node_030,Node_009,BSM,291,5.17,-63.8,12.04,6.51,0,Normal
2026-06-13 12:00:43.602,Node_021,Node_003,CAM,330,6.99,-46.1,18.45,5.470000000000001,0,Normal
2026-06-13 12:01:54.138,Node_028,Node_019,TCP_ACK,64,11.03,-74.5,5.65,6.96,0,Normal
2026-06-13 12:01:26.240,Node_034,Node_021,DENM,646,10.93,-72.4,56.49,10.64,0,Normal
2026-06-13 12:00:53.808,Node_036,Node_043,BSM,851,9.98,-82.9,67.94,5.04,0,Normal
2026-06-13 12:01:16.296,Node_012,Node_003,CAM,681,4.6,-56.8,25.06,5.220000000000001,0,Normal
2026-06-13 12:02:32.728,Node_003,Node_029,BSM,565,11.89,-62.6,53.74,7.67,0,Normal
2026-06-13 12:00:42.712,Node_047,Node_010,TCP_ACK,64,3.24,-81.3,1.66,6.81,0,Normal
2026-06-13 12:01:03.000,Node_011,Node_048,DENM,720,10.23,-62.5,58.92,8.76,0,Normal
2026-06-13 12:01:12.064,Node_038,Node_001,CAM,738,9.67,-77.8,57.09,5.59,0,Normal
2026-06-13 12:01:22.271,Node_050,Node_032,DENM,893,2.94,-71.9,21.0,7.85,0,Normal
2026-06-13 12:00:46.248,Node_026,Node_024,CAM,804,11.29,-80.8,72.62,6.96,0,Normal
2026-06-13 12:00:19.193,Node_006,Node_030,CAM,1050,9.08,-65.8,76.27,5.37,0,Normal
2026-06-13 12:01:28.140,Node_039,Node_043,BSM,205,5.29,-83.2,8.68,5.71,0,Normal
2026-06-13 12:02:21.375,Node_021,Node_047,CAM,951,11.07,-53.1,84.22,6.5,0,Normal
2026-06-13 12:00:24.904,Node_042,Node_019,BSM,530,9.98,-55.2,42.32,5.46,0,Normal
2026-06-13 12:02:01.231,Node_006,Node_026,CAM,461,3.78,-46.4,13.94,8.280000000000001,0,Normal
2026-06-13 12:00:36.288,Node_002,Node_014,CAM,366,5.89,-68.9,17.25,7.58,0,Normal
2026-06-13 12:00:55.615,Node_008,Node_020,CAM,702,10.01,-55.6,56.22,5.87,0,Normal
2026-06-13 12:00:48.848,Node_023,Node_043,BSM,298,10.32,-64.5,24.6,6.27,0,Normal
2026-06-13 12:02:03.933,Node_031,Node_018,UDP_STREAM,776,8.0,-81.4,49.66,7.95,0,Normal
2026-06-13 12:01:58.352,Node_040,Node_012,CAM,644,8.31,-81.3,42.81,6.39,0,Normal
2026-06-13 12:02:25.792,Node_044,Node_015,CAM,863,8.86,-78.8,61.17,10.12,0,Normal
2026-06-13 12:02:44.160,Node_006,Node_019,BSM,679,6.37,-48.7,34.6,7.24,0,Normal
2026-06-13 12:00:54.768,Node_009,Node_044,BSM,1124,5.0,-75.1,44.96,5.51,0,Normal
2026-06-13 12:00:25.124,Node_036,Node_005,UDP_STREAM,1139,2.45,-80.7,22.32,5.27,0,Normal
2026-06-13 12:00:38.862,Node_030,Node_043,CAM,937,7.68,-74.9,57.57,8.16,0,Normal
2026-06-13 12:00:34.320,Node_050,Node_033,BSM,216,3.14,-58.5,5.43,5.93,0,Normal
2026-06-13 12:01:04.120,Node_026,Node_003,CAM,285,6.16,-56.8,14.04,6.67,0,Normal
2026-06-13 12:02:24.396,Node_049,Node_043,UDP_STREAM,660,8.24,-74.4,43.51,3.92,0,Normal
2026-06-13 12:01:05.379,Node_014,Node_012,DENM,280,9.47,-60.8,21.21,6.5,0,Normal
2026-06-13 12:00:42.476,Node_028,Node_035,CAM,218,2.06,-80.3,3.59,4.9399999999999995,0,Normal
2026-06-13 12:02:31.668,Node_030,Node_045,CAM,614,10.69,-46.4,52.51,4.93,0,Normal
2026-06-13 12:02:34.100,Node_020,Node_040,BSM,1032,11.74,-70.6,96.93,8.49,0,Normal
2026-06-13 12:02:07.761,Node_020,Node_006,TCP_ACK,0,0.0,-84.4,0.0,0.0,1,Blackhole_Drop
2026-06-13 12:00:16.128,Node_045,Node_013,CAM,1079,2.27,-65.8,19.59,6.01,0,Normal
2026-06-13 12:01:21.863,Node_028,Node_041,TCP_ACK,64,27.22,-98.5,5.42,1.84,1,Sybil_Spoofing
2026-06-13 12:00:45.006,Node_011,Node_010,CAM,956,9.03,-46.4,69.06,8.0,0,Normal
2026-06-13 12:02:24.375,Node_038,Node_016,CAM,406,4.95,-51.8,16.08,9.25,0,Normal
2026-06-13 12:01:49.820,Node_001,Node_007,CAM,845,10.48,-67.7,70.84,8.57,0,Normal
2026-06-13 12:02:37.352,Node_048,Node_038,UDP_STREAM,1451,69.31,-45.0,804.55,223.89,1,DoS_Flooding
2026-06-13 12:02:35.172,Node_015,Node_046,BSM,262,7.28,-68.1,15.26,9.129999999999999,0,Normal
2026-06-13 12:00:30.134,Node_018,Node_042,CAM,627,10.89,-80.3,54.62,5.57,0,Normal
2026-06-13 12:01:53.680,Node_029,Node_045,TCP_ACK,64,6.36,-78.5,3.26,5.4399999999999995,0,Normal
2026-06-13 12:02:30.930,Node_023,Node_029,CAM,437,7.08,-61.5,24.75,4.93,0,Normal
2026-06-13 12:02:29.898,Node_009,Node_019,CAM,940,9.11,-46.6,68.51,4.66,0,Normal
2026-06-13 12:01:58.626,Node_031,Node_011,TCP_ACK,64,8.22,-73.7,4.21,6.64,0,Normal
2026-06-13 12:02:34.812,Node_009,Node_012,CAM,404,3.56,-65.3,11.51,4.84,0,Normal
2026-06-13 12:02:38.440,Node_020,Node_016,CAM,414,7.57,-45.0,25.07,5.1899999999999995,0,Normal
2026-06-13 12:01:28.616,Node_023,Node_044,CAM,362,3.75,-50.6,10.86,6.2,0,Normal
2026-06-13 12:00:30.342,Node_022,Node_028,DENM,316,8.18,-80.2,20.68,4.029999999999999,0,Normal
2026-06-13 12:01:28.768,Node_022,Node_023,DENM,987,2.47,-49.9,19.5,6.38,0,Normal
2026-06-13 12:00:56.112,Node_045,Node_033,DENM,818,8.69,-56.7,56.87,6.5,0,Normal
2026-06-13 12:02:22.740,Node_030,Node_049,UDP_STREAM,313,11.75,-53.7,29.42,10.21,0,Normal
2026-06-13 12:00:42.156,Node_036,Node_003,CAM,719,3.05,-59.8,17.54,6.78,0,Normal
2026-06-13 12:01:59.544,Node_011,Node_047,BSM,499,9.08,-54.5,36.25,6.65,0,Normal
2026-06-13 12:00:41.055,Node_010,Node_042,UDP_STREAM,572,5.35,-79.5,24.48,9.129999999999999,0,Normal
2026-06-13 12:02:23.228,Node_027,Node_050,CAM,987,2.07,-51.6,16.34,6.17,0,Normal
2026-06-13 12:01:37.525,Node_033,Node_011,CAM,287,4.66,-56.4,10.7,6.75,0,Normal
2026-06-13 12:01:24.672,Node_010,Node_049,CAM,971,7.3,-53.5,56.71,8.01,0,Normal
2026-06-13 12:02:20.063,Node_027,Node_030,DENM,1174,10.52,-53.2,98.8,5.59,0,Normal
2026-06-13 12:00:20.026,Node_029,Node_010,CAM,988,2.1,-52.8,16.6,8.030000000000001,0,Normal
2026-06-13 12:00:36.549,Node_022,Node_021,UDP_STREAM,611,34.9,-98.6,57.78,2.28,1,Sybil_Spoofing
2026-06-13 12:00:28.320,Node_041,Node_046,TCP_ACK,64,9.99,-50.0,5.11,7.48,0,Normal
2026-06-13 12:02:18.177,Node_026,Node_044,DENM,917,7.54,-72.8,55.31,7.49,0,Normal
2026-06-13 12:01:55.836,Node_001,Node_018,CAM,1121,7.28,-48.2,65.29,5.98,0,Normal
2026-06-13 12:02:26.692,Node_042,Node_014,CAM,1108,7.44,-53.5,65.95,6.25,0,Normal
2026-06-13 12:01:56.032,Node_042,Node_026,UDP_STREAM,1442,64.5,-72.9,744.07,253.94,1,DoS_Flooding
2026-06-13 12:00:49.770,Node_034,Node_035,DENM,490,4.14,-64.5,16.23,6.34,0,Normal
2026-06-13 12:01:55.042,Node_049,Node_041,CAM,363,2.23,-49.4,6.48,7.27,0,Normal
2026-06-13 12:01:30.212,Node_016,Node_050,CAM,0,0.0,-45.5,0.0,0.0,1,Blackhole_Drop
2026-06-13 12:00:29.700,Node_024,Node_017,CAM,842,7.07,-80.0,47.62,5.67,0,Normal
2026-06-13 12:00:48.749,Node_029,Node_020,CAM,786,9.37,-66.9,58.92,5.75,0,Normal
2026-06-13 12:02:53.740,Node_039,Node_015,BSM,558,4.99,-58.3,22.28,7.04,0,Normal
2026-06-13 12:00:53.595,Node_046,Node_025,CAM,732,9.38,-80.8,54.93,8.85,0,Normal
2026-06-13 12:01:10.328,Node_050,Node_024,TCP_ACK,64,6.54,-79.1,3.35,5.04,0,Normal
2026-06-13 12:02:17.195,Node_006,Node_004,BSM,635,10.89,-65.9,55.32,9.2,0,Normal
2026-06-13 12:02:04.176,Node_044,Node_034,CAM,612,7.88,-64.2,38.58,7.43,0,Normal
2026-06-13 12:01:32.015,Node_038,Node_032,CAM,851,6.23,-67.4,42.41,6.17,0,Normal
2026-06-13 12:02:41.460,Node_047,Node_027,DENM,1043,3.63,-64.8,30.29,6.95,0,Normal
2026-06-13 12:02:32.019,Node_009,Node_046,CAM,725,10.63,-80.3,61.65,7.4,0,Normal
2026-06-13 12:02:36.938,Node_003,Node_048,CAM,360,11.44,-70.2,32.95,5.23,0,Normal
2026-06-13 12:02:16.686,Node_008,Node_024,UDP_STREAM,0,0.0,-64.1,0.0,0.0,1,Blackhole_Drop
2026-06-13 12:01:45.600,Node_024,Node_020,DENM,501,6.86,-53.4,27.49,6.49,0,Normal
2026-06-13 12:02:20.517,Node_004,Node_020,BSM,1110,4.83,-77.7,42.89,4.75,0,Normal
2026-06-13 12:00:12.020,Node_008,Node_036,CAM,557,2.68,-83.2,11.94,7.77,0,Normal
2026-06-13 12:01:47.067,Node_037,Node_029,DENM,1121,5.38,-69.9,48.25,5.720000000000001,0,Normal
2026-06-13 12:00:51.772,Node_049,Node_009,DENM,716,8.36,-54.5,47.89,5.779999999999999,0,Normal
2026-06-13 12:00:57.840,Node_047,Node_021,CAM,291,10.0,-58.4,23.28,6.37,0,Normal
2026-06-13 12:01:23.214,Node_026,Node_022,DENM,753,2.46,-58.2,14.82,7.13,0,Normal
2026-06-13 12:01:37.767,Node_042,Node_006,CAM,1086,3.66,-84.0,31.8,7.01,0,Normal
2026-06-13 12:01:47.512,Node_036,Node_042,UDP_STREAM,326,8.44,-81.6,22.01,6.55,0,Normal
2026-06-13 12:02:58.932,Node_037,Node_049,CAM,254,11.57,-64.1,23.51,6.95,0,Normal
2026-06-13 12:02:46.980,Node_002,Node_008,UDP_STREAM,1500,55.29,-77.8,663.48,279.98,1,DoS_Flooding
2026-06-13 12:02:28.953,Node_006,Node_035,BSM,821,5.2,-61.4,34.15,6.7,0,Normal
2026-06-13 12:00:18.180,Node_022,Node_028,UDP_STREAM,384,6.15,-50.6,18.89,7.28,0,Normal
2026-06-13 12:01:30.975,Node_006,Node_008,UDP_STREAM,301,7.42,-73.6,17.87,5.76,0,Normal
2026-06-13 12:00:38.848,Node_010,Node_020,UDP_STREAM,1175,6.07,-78.2,57.06,6.52,0,Normal
2026-06-13 12:01:52.995,Node_012,Node_002,UDP_STREAM,930,2.59,-69.4,19.27,7.32,0,Normal
2026-06-13 12:02:19.840,Node_021,Node_017,BSM,584,33.96,-106.4,53.35,1.47,1,Sybil_Spoofing
2026-06-13 12:02:50.380,Node_049,Node_033,BSM,594,11.49,-74.2,54.6,5.09,0,Normal
2026-06-13 12:02:18.852,Node_005,Node_031,CAM,229,6.07,-75.7,11.12,8.809999999999999,0,Normal
2026-06-13 12:01:35.082,Node_036,Node_038,CAM,891,3.02,-54.5,21.53,8.379999999999999,0,Normal
2026-06-13 12:00:51.240,Node_020,Node_037,DENM,616,6.46,-51.1,31.83,6.47,0,Normal
2026-06-13 12:00:56.166,Node_024,Node_035,CAM,372,9.82,-63.5,29.22,9.16,0,Normal
2026-06-13 12:02:32.750,Node_003,Node_001,CAM,1032,6.65,-51.8,54.9,7.4,0,Normal
2026-06-13 12:01:03.596,Node_001,Node_004,CAM,1155,11.22,-74.1,103.67,6.21,0,Normal
2026-06-13 12:02:10.968,Node_023,Node_041,UDP_STREAM,1494,71.7,-64.6,856.96,101.43,1,DoS_Flooding
2026-06-13 12:00:39.200,Node_026,Node_045,TCP_ACK,64,3.23,-79.4,1.65,5.24,0,Normal
2026-06-13 12:01:39.306,Node_028,Node_014,BSM,825,7.05,-52.9,46.53,6.28,0,Normal
2026-06-13 12:01:59.019,Node_041,Node_017,CAM,970,9.08,-74.1,70.46,5.45,0,Normal
2026-06-13 12:01:52.976,Node_022,Node_014,DENM,670,11.59,-71.9,62.12,5.529999999999999,0,Normal
2026-06-13 12:00:54.076,Node_042,Node_001,CAM,823,6.77,-48.9,44.57,6.96,0,Normal
2026-06-13 12:02:21.450,Node_036,Node_045,CAM,920,34.77,-96.8,50.71,2.08,1,Sybil_Spoofing
2026-06-13 12:02:31.413,Node_044,Node_008,BSM,561,11.72,-69.9,52.6,4.77,0,Normal
2026-06-13 12:02:14.288,Node_012,Node_050,UDP_STREAM,1031,8.97,-84.7,73.98,6.62,0,Normal
2026-06-13 12:01:12.747,Node_029,Node_001,CAM,426,9.43,-54.7,32.14,7.35,0,Normal
2026-06-13 12:02:04.634,Node_013,Node_006,BSM,1035,8.13,-72.9,67.32,7.06,0,Normal
2026-06-13 12:01:25.215,Node_032,Node_024,CAM,237,4.81,-48.8,9.12,4.79,0,Normal
2026-06-13 12:01:17.868,Node_001,Node_013,BSM,1040,8.38,-80.6,69.72,5.62,0,Normal
2026-06-13 12:02:50.706,Node_032,Node_011,UDP_STREAM,765,3.94,-55.4,24.11,5.75,0,Normal
2026-06-13 12:01:06.852,Node_005,Node_038,CAM,331,9.46,-79.9,25.05,4.84,0,Normal
2026-06-13 12:01:24.252,Node_034,Node_047,UDP_STREAM,1488,78.89,-51.1,939.11,229.4,1,DoS_Flooding
2026-06-13 12:02:36.240,Node_001,Node_028,CAM,856,8.73,-59.0,59.78,6.78,0,Normal
2026-06-13 12:01:54.172,Node_028,Node_027,CAM,480,3.22,-64.3,12.36,6.23,0,Normal
2026-06-13 12:02:56.364,Node_049,Node_003,UDP_STREAM,1105,9.21,-83.1,81.42,4.82,0,Normal
2026-06-13 12:03:01.478,Node_029,Node_021,DENM,205,5.92,-71.6,9.71,10.13,0,Normal
2026-06-13 12:00:19.904,Node_048,Node_015,DENM,906,6.24,-82.0,45.23,5.52,0,Normal
2026-06-13 12:01:04.740,Node_022,Node_020,CAM,264,8.26,-81.1,17.45,7.97,0,Normal
2026-06-13 12:00:19.936,Node_038,Node_041,TCP_ACK,64,11.35,-51.4,5.81,8.84,0,Normal
2026-06-13 12:02:43.357,Node_016,Node_022,DENM,1052,2.54,-71.7,21.38,5.970000000000001,0,Normal
2026-06-13 12:00:34.944,Node_050,Node_039,DENM,834,6.39,-81.2,42.63,7.07,0,Normal
2026-06-13 12:00:51.209,Node_006,Node_004,CAM,1138,2.33,-72.5,21.21,5.01,0,Normal
2026-06-13 12:00:32.500,Node_009,Node_004,CAM,1141,10.02,-82.8,91.46,6.02,0,Normal
2026-06-13 12:02:30.120,Node_005,Node_007,CAM,893,2.56,-82.9,18.29,7.12,0,Normal
2026-06-13 12:02:20.224,Node_007,Node_040,CAM,970,6.11,-50.4,47.41,6.5,0,Normal
2026-06-13 12:00:15.036,Node_030,Node_025,DENM,675,9.95,-49.8,53.73,7.54,0,Normal
2026-06-13 12:02:00.384,Node_042,Node_044,TCP_ACK,64,9.83,-66.8,5.03,5.88,0,Normal
2026-06-13 12:01:14.045,Node_007,Node_001,BSM,809,9.13,-61.3,59.09,7.97,0,Normal
2026-06-13 12:00:52.752,Node_041,Node_033,BSM,462,5.55,-65.7,20.51,5.37,0,Normal
2026-06-13 12:01:11.649,Node_016,Node_009,TCP_ACK,64,9.97,-82.6,5.1,7.09,0,Normal
2026-06-13 12:02:32.218,Node_033,Node_042,DENM,972,5.58,-61.7,43.39,5.77,0,Normal
2026-06-13 12:00:59.173,Node_010,Node_031,CAM,516,8.03,-73.4,33.15,4.720000000000001,0,Normal
2026-06-13 12:02:58.920,Node_038,Node_043,CAM,894,3.45,-75.5,24.67,7.51,0,Normal
2026-06-13 12:00:29.003,Node_028,Node_023,CAM,400,11.77,-59.4,37.66,4.08,0,Normal
2026-06-13 12:00:34.074,Node_022,Node_013,UDP_STREAM,883,6.76,-57.3,47.75,5.6,0,Normal
2026-06-13 12:01:58.722,Node_038,Node_037,CAM,1186,5.36,-73.0,50.86,5.3,0,Normal
2026-06-13 12:00:45.504,Node_030,Node_003,CAM,707,4.19,-84.9,23.7,8.46,0,Normal
2026-06-13 12:01:26.020,Node_030,Node_040,TCP_ACK,64,4.13,-65.8,2.11,7.73,0,Normal
2026-06-13 12:01:59.004,Node_048,Node_025,UDP_STREAM,1401,48.69,-52.0,545.72,92.05,1,DoS_Flooding
2026-06-13 12:00:49.413,Node_010,Node_019,BSM,650,3.94,-61.6,20.49,5.13,0,Normal
2026-06-13 12:00:26.628,Node_002,Node_013,TCP_ACK,64,3.98,-78.0,2.04,5.9,0,Normal
2026-06-13 12:01:08.526,Node_022,Node_036,UDP_STREAM,451,3.79,-84.1,13.67,5.1899999999999995,0,Normal
2026-06-13 12:00:44.450,Node_002,Node_044,TCP_ACK,64,3.37,-58.8,1.73,8.940000000000001,0,Normal
2026-06-13 12:02:02.016,Node_014,Node_020,BSM,667,4.4,-52.6,23.48,4.68,0,Normal
2026-06-13 12:03:03.168,Node_040,Node_028,CAM,1099,9.11,-80.3,80.1,9.7,0,Normal
2026-06-13 12:00:54.739,Node_013,Node_035,CAM,587,8.94,-72.3,41.98,7.03,0,Normal
2026-06-13 12:01:31.728,Node_003,Node_049,BSM,830,7.87,-50.8,52.26,7.32,0,Normal
2026-06-13 12:01:01.200,Node_021,Node_016,CAM,254,8.29,-73.8,16.85,6.63,0,Normal
2026-06-13 12:02:58.640,Node_038,Node_032,CAM,414,9.27,-53.6,30.7,4.779999999999999,0,Normal
2026-06-13 12:00:33.202,Node_011,Node_033,BSM,597,9.51,-59.2,45.42,7.69,0,Normal
2026-06-13 12:02:55.086,Node_034,Node_030,BSM,383,5.22,-70.0,15.99,6.53,0,Normal
2026-06-13 12:02:53.944,Node_031,Node_018,DENM,795,6.01,-48.2,38.22,5.359999999999999,0,Normal
2026-06-13 12:00:24.320,Node_014,Node_015,CAM,1116,4.03,-50.5,35.98,8.2,0,Normal
2026-06-13 12:01:52.728,Node_028,Node_025,DENM,785,3.57,-51.3,22.42,8.04,0,Normal
2026-06-13 12:00:39.742,Node_009,Node_049,UDP_STREAM,286,4.95,-64.2,11.33,8.21,0,Normal
2026-06-13 12:00:25.660,Node_030,Node_033,TCP_ACK,64,8.21,-68.0,4.2,7.91,0,Normal
2026-06-13 12:02:26.376,Node_024,Node_032,CAM,524,4.73,-84.0,19.83,5.82,0,Normal
2026-06-13 12:01:38.945,Node_042,Node_005,CAM,567,11.01,-73.2,49.94,7.27,0,Normal
2026-06-13 12:03:11.614,Node_042,Node_006,CAM,0,0.0,-75.9,0.0,0.0,1,Blackhole_Drop
2026-06-13 12:02:11.274,Node_003,Node_035,DENM,405,5.34,-58.0,17.3,7.94,0,Normal
2026-06-13 12:01:43.040,Node_013,Node_046,UDP_STREAM,818,11.98,-45.1,78.4,4.1899999999999995,0,Normal
2026-06-13 12:03:12.061,Node_017,Node_001,CAM,988,4.99,-52.1,39.44,6.38,0,Normal
2026-06-13 12:02:25.770,Node_026,Node_038,BSM,975,8.55,-66.1,66.69,5.62,0,Normal
2026-06-13 12:01:01.968,Node_026,Node_015,CAM,432,9.23,-76.6,31.9,8.91,0,Normal
2026-06-13 12:02:46.668,Node_047,Node_030,TCP_ACK,64,5.41,-81.6,2.77,6.4,0,Normal
2026-06-13 12:02:33.867,Node_050,Node_045,CAM,627,4.1,-67.0,20.57,7.14,0,Normal
2026-06-13 12:02:15.870,Node_009,Node_037,UDP_STREAM,1484,86.71,-47.3,1029.42,164.86,1,DoS_Flooding
2026-06-13 12:02:31.515,Node_028,Node_044,UDP_STREAM,970,6.03,-53.9,46.79,8.66,0,Normal
2026-06-13 12:02:00.528,Node_038,Node_002,CAM,781,9.85,-48.1,61.54,9.74,0,Normal
2026-06-13 12:02:01.918,Node_037,Node_041,TCP_ACK,64,9.99,-48.4,5.11,6.54,0,Normal
2026-06-13 12:02:22.780,Node_025,Node_014,CAM,1171,5.91,-63.6,55.36,6.82,0,Normal
2026-06-13 12:00:48.063,Node_022,Node_037,CAM,0,0.0,-49.2,0.0,0.0,1,Blackhole_Drop
2026-06-13 12:00:46.800,Node_044,Node_036,CAM,381,2.32,-57.4,7.07,5.21,0,Normal
2026-06-13 12:01:14.157,Node_013,Node_005,TCP_ACK,64,11.11,-69.6,5.69,5.3100000000000005,0,Normal
2026-06-13 12:01:49.368,Node_043,Node_034,UDP_STREAM,1441,87.99,-70.3,1014.35,181.55,1,DoS_Flooding
2026-06-13 12:01:05.150,Node_008,Node_009,BSM,749,6.18,-55.3,37.03,7.65,0,Normal
2026-06-13 12:01:20.848,Node_009,Node_014,DENM,517,6.32,-56.6,26.14,6.58,0,Normal
2026-06-13 12:01:56.145,Node_038,Node_013,CAM,714,9.17,-66.6,52.38,5.7,0,Normal
2026-06-13 12:01:00.076,Node_029,Node_005,CAM,1044,5.99,-52.7,50.03,8.52,0,Normal
2026-06-13 12:02:56.445,Node_030,Node_037,CAM,240,9.37,-73.5,17.99,4.84,0,Normal
2026-06-13 12:02:44.808,Node_023,Node_045,BSM,1062,9.12,-73.1,77.48,5.65,0,Normal
2026-06-13 12:01:10.686,Node_027,Node_016,BSM,383,11.0,-55.7,33.7,6.28,0,Normal
2026-06-13 12:01:13.360,Node_045,Node_037,CAM,297,5.94,-47.2,14.11,9.719999999999999,0,Normal
2026-06-13 12:01:05.550,Node_018,Node_041,CAM,750,4.92,-48.3,29.52,5.68,0,Normal
2026-06-13 12:01:25.280,Node_032,Node_027,CAM,980,36.5,-108.4,59.04,1.65,1,Sybil_Spoofing
2026-06-13 12:02:44.125,Node_011,Node_017,BSM,412,36.25,-99.6,23.27,1.76,1,Sybil_Spoofing
2026-06-13 12:02:27.168,Node_013,Node_026,BSM,238,2.11,-80.4,4.02,5.140000000000001,0,Normal
2026-06-13 12:02:02.295,Node_043,Node_048,DENM,675,6.85,-82.3,36.99,7.24,0,Normal
2026-06-13 12:01:34.752,Node_046,Node_029,BSM,343,6.71,-73.8,18.41,6.1,0,Normal
2026-06-13 12:00:18.438,Node_039,Node_007,CAM,381,4.94,-63.6,15.06,5.83,0,Normal
2026-06-13 12:00:38.222,Node_043,Node_049,DENM,211,8.77,-78.9,14.8,5.01,0,Normal
2026-06-13 12:01:25.735,Node_046,Node_003,UDP_STREAM,1114,8.75,-76.4,77.98,6.59,0,Normal
2026-06-13 12:03:08.760,Node_042,Node_043,CAM,933,8.6,-80.9,64.19,9.059999999999999,0,Normal
2026-06-13 12:02:42.483,Node_004,Node_039,BSM,204,2.49,-69.9,4.06,5.73,0,Normal
2026-06-13 12:01:36.506,Node_024,Node_016,DENM,404,2.91,-68.1,9.41,5.21,0,Normal
2026-06-13 12:02:07.008,Node_013,Node_044,CAM,0,0.0,-46.7,0.0,0.0,1,Blackhole_Drop
2026-06-13 12:01:08.848,Node_047,Node_011,CAM,245,6.16,-80.7,12.07,4.65,0,Normal
2026-06-13 12:01:16.850,Node_040,Node_014,CAM,1156,7.42,-47.4,68.62,6.31,0,Normal
2026-06-13 12:01:24.864,Node_007,Node_023,BSM,531,3.74,-68.9,15.89,6.6,0,Normal
2026-06-13 12:02:24.643,Node_014,Node_030,CAM,425,2.66,-52.4,9.04,7.05,0,Normal
2026-06-13 12:02:18.112,Node_003,Node_005,CAM,1106,4.19,-72.9,37.07,6.37,0,Normal
2026-06-13 12:00:47.844,Node_046,Node_035,CAM,1010,11.91,-51.0,96.23,6.74,0,Normal
2026-06-13 12:00:45.220,Node_039,Node_021,DENM,846,8.96,-57.9,60.64,9.030000000000001,0,Normal
2026-06-13 12:00:58.564,Node_022,Node_012,CAM,850,9.62,-57.5,65.42,8.52,0,Normal
2026-06-13 12:02:57.156,Node_005,Node_022,CAM,218,8.09,-61.6,14.11,8.4,0,Normal
2026-06-13 12:01:31.977,Node_033,Node_038,BSM,921,11.88,-75.7,87.53,8.07,0,Normal
2026-06-13 12:00:54.694,Node_020,Node_016,CAM,955,32.48,-107.9,47.98,1.4,1,Sybil_Spoofing
2026-06-13 12:02:21.510,Node_014,Node_042,TCP_ACK,64,2.38,-48.1,1.22,4.83,0,Normal
2026-06-13 12:02:44.328,Node_048,Node_022,UDP_STREAM,337,4.78,-59.3,12.89,6.2,0,Normal
2026-06-13 12:03:11.191,Node_027,Node_042,DENM,1032,4.88,-84.1,40.29,6.87,0,Normal
2026-06-13 12:02:05.772,Node_022,Node_016,BSM,410,7.39,-48.7,24.24,5.46,0,Normal
2026-06-13 12:01:37.747,Node_044,Node_045,CAM,936,4.22,-50.1,31.6,9.45,0,Normal
2026-06-13 12:01:15.040,Node_029,Node_041,DENM,206,2.65,-65.3,4.37,6.06,0,Normal
2026-06-13 12:00:30.843,Node_041,Node_010,UDP_STREAM,1160,4.04,-81.3,37.49,4.75,0,Normal
2026-06-13 12:01:23.204,Node_016,Node_033,CAM,280,6.26,-66.3,14.02,5.99,0,Normal
2026-06-13 12:01:20.580,Node_016,Node_028,BSM,380,8.06,-72.9,24.5,7.08,0,Normal
2026-06-13 12:01:21.984,Node_018,Node_031,UDP_STREAM,281,11.51,-70.6,25.87,5.46,0,Normal
2026-06-13 12:02:54.850,Node_029,Node_028,BSM,717,8.09,-67.7,46.4,6.3,0,Normal
2026-06-13 12:02:59.018,Node_002,Node_049,UDP_STREAM,590,6.27,-81.7,29.59,4.77,0,Normal
2026-06-13 12:01:55.842,Node_039,Node_035,DENM,356,7.53,-78.0,21.45,5.93,0,Normal
2026-06-13 12:01:58.624,Node_030,Node_019,BSM,584,7.62,-65.8,35.6,6.5,0,Normal
2026-06-13 12:02:55.370,Node_013,Node_010,BSM,1138,3.9,-84.5,35.51,6.37,0,Normal
2026-06-13 12:02:21.750,Node_032,Node_026,BSM,1147,6.16,-69.2,56.52,7.71,0,Normal
2026-06-13 12:02:25.908,Node_032,Node_020,CAM,856,11.88,-82.2,81.35,5.35,0,Normal
2026-06-13 12:00:55.432,Node_025,Node_037,CAM,366,3.94,-67.5,11.54,6.99,0,Normal
2026-06-13 12:02:13.947,Node_033,Node_046,CAM,700,31.36,-104.2,46.76,1.49,1,Sybil_Spoofing
2026-06-13 12:02:58.728,Node_003,Node_024,CAM,846,9.07,-83.9,61.39,5.63,0,Normal
2026-06-13 12:01:03.685,Node_017,Node_039,CAM,666,11.44,-79.1,60.95,5.45,0,Normal
2026-06-13 12:01:09.156,Node_001,Node_008,CAM,989,2.92,-56.5,23.1,9.469999999999999,0,Normal
2026-06-13 12:00:40.710,Node_034,Node_013,BSM,1097,6.23,-51.8,54.67,6.09,0,Normal
2026-06-13 12:01:58.146,Node_033,Node_035,BSM,874,10.87,-61.6,76.0,7.07,0,Normal
2026-06-13 12:00:43.488,Node_007,Node_041,TCP_ACK,64,7.73,-53.1,3.96,7.13,0,Normal
2026-06-13 12:01:46.080,Node_048,Node_014,UDP_STREAM,1421,85.82,-57.0,975.6,85.37,1,DoS_Flooding
2026-06-13 12:00:36.747,Node_050,Node_045,BSM,627,7.25,-58.8,36.37,6.77,0,Normal
2026-06-13 12:01:12.186,Node_012,Node_024,BSM,390,9.04,-77.1,28.2,6.69,0,Normal
2026-06-13 12:00:51.794,Node_029,Node_037,CAM,1033,4.13,-77.0,34.13,9.49,0,Normal
2026-06-13 12:01:20.476,Node_017,Node_027,CAM,651,8.27,-60.0,43.07,6.69,0,Normal
2026-06-13 12:01:10.980,Node_006,Node_019,DENM,287,5.78,-73.9,13.27,7.64,0,Normal
2026-06-13 12:01:35.620,Node_031,Node_032,CAM,888,9.61,-84.6,68.27,7.72,0,Normal
2026-06-13 12:00:15.037,Node_043,Node_038,BSM,1008,11.88,-81.1,95.8,6.13,0,Normal
2026-06-13 12:00:15.048,Node_025,Node_039,BSM,732,11.87,-54.5,69.51,10.52,0,Normal
2026-06-13 12:02:59.339,Node_049,Node_022,CAM,818,6.29,-70.2,41.16,5.58,0,Normal
2026-06-13 12:02:03.300,Node_016,Node_024,BSM,881,5.98,-60.6,42.15,4.76,0,Normal
2026-06-13 12:02:08.874,Node_007,Node_001,BSM,667,10.71,-68.9,57.15,4.43,0,Normal
2026-06-13 12:01:01.740,Node_002,Node_039,UDP_STREAM,325,10.69,-73.8,27.79,5.88,0,Normal
2026-06-13 12:01:40.229,Node_024,Node_029,CAM,833,8.86,-50.2,59.04,4.63,0,Normal
2026-06-13 12:01:19.692,Node_001,Node_041,CAM,1180,11.42,-72.1,107.8,5.640000000000001,0,Normal
2026-06-13 12:00:28.875,Node_048,Node_021,DENM,894,6.44,-60.7,46.06,6.49,0,Normal
2026-06-13 12:00:41.280,Node_023,Node_028,UDP_STREAM,1161,11.31,-47.8,105.05,6.83,0,Normal
2026-06-13 12:00:48.195,Node_047,Node_025,DENM,500,8.07,-56.5,32.28,6.0,0,Normal
2026-06-13 12:03:11.542,Node_003,Node_009,BSM,709,9.97,-72.9,56.55,5.63,0,Normal
2026-06-13 12:03:26.850,Node_030,Node_011,CAM,1117,6.46,-80.4,57.73,5.87,0,Normal
2026-06-13 12:01:37.980,Node_016,Node_014,CAM,374,35.74,-103.5,28.51,1.32,1,Sybil_Spoofing
2026-06-13 12:02:08.433,Node_025,Node_050,TCP_ACK,64,4.8,-56.2,2.46,5.279999999999999,0,Normal
2026-06-13 12:00:56.662,Node_043,Node_009,TCP_ACK,64,11.23,-59.7,5.75,5.640000000000001,0,Normal
2026-06-13 12:02:11.385,Node_015,Node_037,CAM,984,11.24,-82.4,88.48,6.95,0,Normal
2026-06-13 12:02:28.088,Node_042,Node_036,CAM,1189,10.56,-52.7,100.45,6.62,0,Normal
2026-06-13 12:00:54.015,Node_019,Node_006,DENM,314,2.89,-55.4,7.26,4.720000000000001,0,Normal
2026-06-13 12:00:54.054,Node_037,Node_024,CAM,330,10.53,-46.8,27.8,8.14,0,Normal
2026-06-13 12:00:13.870,Node_020,Node_004,BSM,804,7.36,-51.1,47.34,5.9,0,Normal
2026-06-13 12:02:06.308,Node_050,Node_024,CAM,1016,8.79,-53.1,71.45,5.18,0,Normal
2026-06-13 12:01:31.674,Node_007,Node_026,DENM,209,7.38,-66.6,12.34,4.98,0,Normal
2026-06-13 12:01:58.150,Node_015,Node_032,UDP_STREAM,896,6.56,-60.9,47.02,8.17,0,Normal
2026-06-13 12:00:25.038,Node_039,Node_021,DENM,516,7.02,-57.5,28.98,4.359999999999999,0,Normal
2026-06-13 12:03:03.744,Node_041,Node_014,CAM,706,27.29,-97.8,27.73,2.43,1,Sybil_Spoofing
2026-06-13 12:01:33.331,Node_045,Node_048,TCP_ACK,64,2.53,-50.4,1.3,7.78,0,Normal
2026-06-13 12:03:06.796,Node_047,Node_026,TCP_ACK,64,4.99,-52.4,2.55,5.99,0,Normal
2026-06-13 12:01:09.750,Node_002,Node_036,BSM,601,5.37,-57.9,25.82,9.219999999999999,0,Normal
2026-06-13 12:02:33.560,Node_026,Node_005,CAM,740,9.27,-73.7,54.88,5.33,0,Normal
2026-06-13 12:03:29.550,Node_026,Node_007,BSM,334,5.23,-53.3,13.97,7.26,0,Normal
2026-06-13 12:00:32.154,Node_046,Node_020,CAM,668,8.55,-61.9,45.69,6.63,0,Normal
2026-06-13 12:03:06.067,Node_019,Node_010,CAM,414,4.18,-55.1,13.84,9.559999999999999,0,Normal
2026-06-13 12:00:16.800,Node_024,Node_047,CAM,1076,7.76,-57.9,66.8,6.12,0,Normal
2026-06-13 12:01:05.847,Node_025,Node_028,CAM,0,0.0,-48.0,0.0,0.0,1,Blackhole_Drop
2026-06-13 12:03:03.662,Node_012,Node_004,CAM,320,11.8,-59.0,30.21,6.63,0,Normal
2026-06-13 12:01:07.344,Node_041,Node_047,BSM,613,4.45,-80.2,21.82,4.83,0,Normal
2026-06-13 12:02:02.148,Node_045,Node_039,CAM,1177,3.72,-55.2,35.03,6.29,0,Normal
2026-06-13 12:00:44.960,Node_050,Node_030,CAM,1085,10.18,-69.7,88.36,5.75,0,Normal
2026-06-13 12:02:52.938,Node_024,Node_001,CAM,322,3.17,-80.1,8.17,6.64,0,Normal
2026-06-13 12:03:16.980,Node_015,Node_002,DENM,800,7.73,-62.1,49.47,7.12,0,Normal
2026-06-13 12:00:47.872,Node_038,Node_012,DENM,593,6.84,-59.2,32.45,8.7,0,Normal
2026-06-13 12:00:59.178,Node_007,Node_021,BSM,265,9.14,-50.5,19.38,4.23,0,Normal
2026-06-13 12:02:39.330,Node_045,Node_002,BSM,603,7.56,-63.5,36.47,6.48,0,Normal
2026-06-13 12:03:10.485,Node_005,Node_034,DENM,1057,7.85,-56.5,66.38,5.04,0,Normal
2026-06-13 12:00:57.892,Node_049,Node_014,TCP_ACK,64,11.66,-49.1,5.97,7.28,0,Normal
2026-06-13 12:01:19.128,Node_001,Node_036,CAM,657,10.01,-80.1,52.61,10.72,0,Normal
2026-06-13 12:01:27.668,Node_042,Node_011,UDP_STREAM,1415,70.31,-50.9,795.91,170.44,1,DoS_Flooding
2026-06-13 12:03:30.835,Node_011,Node_028,CAM,1200,11.45,-85.0,109.92,5.54,0,Normal
2026-06-13 12:03:21.072,Node_019,Node_043,BSM,746,6.45,-61.9,38.49,5.890000000000001,0,Normal
2026-06-13 12:03:22.631,Node_023,Node_039,TCP_ACK,0,0.0,-76.6,0.0,0.0,1,Blackhole_Drop
2026-06-13 12:00:29.778,Node_016,Node_003,CAM,392,3.42,-50.8,10.73,4.0,0,Normal
2026-06-13 12:01:02.436,Node_039,Node_036,CAM,421,7.92,-73.9,26.67,6.84,0,Normal
2026-06-13 12:02:47.560,Node_005,Node_036,BSM,461,4.61,-59.0,17.0,6.42,0,Normal
2026-06-13 12:02:59.046,Node_006,Node_017,DENM,892,6.25,-57.2,44.6,5.5600000000000005,0,Normal
2026-06-13 12:00:39.816,Node_041,Node_047,BSM,475,11.95,-57.1,45.41,5.23,0,Normal
2026-06-13 12:02:29.415,Node_037,Node_043,CAM,863,10.21,-60.8,70.49,7.76,0,Normal
2026-06-13 12:01:09.776,Node_021,Node_028,BSM,588,26.65,-108.1,10.63,2.1,1,Sybil_Spoofing
2026-06-13 12:00:37.050,Node_022,Node_041,TCP_ACK,64,2.89,-48.6,1.48,6.66,0,Normal
2026-06-13 12:01:07.022,Node_015,Node_018,TCP_ACK,64,2.1,-69.9,1.08,4.4,0,Normal
2026-06-13 12:02:31.262,Node_007,Node_008,BSM,379,7.26,-50.0,22.01,6.24,0,Normal
2026-06-13 12:03:12.780,Node_007,Node_034,DENM,557,9.0,-50.4,40.1,6.95,0,Normal
2026-06-13 12:00:50.015,Node_004,Node_011,TCP_ACK,64,5.18,-54.9,2.65,6.1,0,Normal
2026-06-13 12:03:28.780,Node_036,Node_039,DENM,1103,10.5,-65.9,92.65,6.24,0,Normal
2026-06-13 12:00:17.172,Node_044,Node_033,TCP_ACK,64,9.13,-58.7,4.67,5.63,0,Normal
2026-06-13 12:01:51.696,Node_004,Node_047,UDP_STREAM,854,11.74,-56.7,80.21,6.13,0,Normal
2026-06-13 12:02:47.661,Node_046,Node_030,DENM,387,6.39,-70.8,19.78,7.94,0,Normal
2026-06-13 12:01:59.022,Node_018,Node_028,UDP_STREAM,733,11.42,-49.7,66.97,6.75,0,Normal
2026-06-13 12:02:06.280,Node_041,Node_006,CAM,1170,5.06,-54.2,47.36,5.79,0,Normal
2026-06-13 12:00:43.080,Node_005,Node_047,CAM,445,33.31,-98.8,40.76,1.99,1,Sybil_Spoofing
2026-06-13 12:00:17.244,Node_028,Node_044,UDP_STREAM,720,11.32,-79.5,65.2,8.71,0,Normal
2026-06-13 12:03:29.948,Node_045,Node_008,DENM,615,2.14,-77.4,10.53,5.24,0,Normal
2026-06-13 12:00:15.829,Node_046,Node_028,CAM,919,7.34,-71.2,53.96,5.65,0,Normal
2026-06-13 12:03:28.800,Node_044,Node_039,CAM,243,8.07,-46.4,15.69,6.24,0,Normal
2026-06-13 12:03:27.504,Node_015,Node_012,DENM,276,5.67,-79.7,12.52,5.720000000000001,0,Normal
2026-06-13 12:00:33.166,Node_028,Node_032,BSM,588,3.7,-46.2,17.4,8.6,0,Normal
2026-06-13 12:01:45.339,Node_035,Node_050,CAM,1078,3.18,-73.0,27.42,7.99,0,Normal
2026-06-13 12:01:32.416,Node_001,Node_048,CAM,846,7.69,-76.3,52.05,6.21,0,Normal
2026-06-13 12:03:23.745,Node_003,Node_030,CAM,1113,8.18,-65.5,72.83,10.44,0,Normal
2026-06-13 12:03:03.642,Node_022,Node_020,TCP_ACK,64,5.54,-84.8,2.84,6.86,0,Normal
2026-06-13 12:01:22.479,Node_026,Node_023,CAM,209,27.31,-102.3,5.03,1.25,1,Sybil_Spoofing
2026-06-13 12:03:14.032,Node_001,Node_010,BSM,987,8.57,-76.0,67.67,8.809999999999999,0,Normal
2026-06-13 12:02:04.614,Node_024,Node_028,BSM,0,0.0,-52.5,0.0,0.0,1,Blackhole_Drop
2026-06-13 12:02:56.900,Node_043,Node_029,TCP_ACK,64,3.62,-70.9,1.85,5.18,0,Normal
2026-06-13 12:02:26.551,Node_046,Node_013,BSM,313,3.9,-83.4,9.77,6.56,0,Normal
2026-06-13 12:02:16.488,Node_003,Node_011,BSM,882,3.99,-65.8,28.15,5.609999999999999,0,Normal
2026-06-13 12:01:53.334,Node_008,Node_027,CAM,700,7.5,-53.0,42.0,7.25,0,Normal
2026-06-13 12:02:15.222,Node_049,Node_050,TCP_ACK,64,10.82,-64.9,5.54,6.99,0,Normal
2026-06-13 12:02:38.595,Node_009,Node_008,BSM,1180,3.08,-84.2,29.08,6.78,0,Normal
2026-06-13 12:03:20.928,Node_001,Node_050,DENM,900,4.37,-57.9,31.46,7.67,0,Normal
2026-06-13 12:00:17.484,Node_028,Node_031,DENM,496,4.82,-81.7,19.13,6.92,0,Normal
2026-06-13 12:01:11.442,Node_047,Node_033,BSM,391,4.49,-54.3,14.04,6.36,0,Normal
2026-06-13 12:01:46.507,Node_043,Node_028,BSM,0,0.0,-53.7,0.0,0.0,1,Blackhole_Drop
2026-06-13 12:03:21.480,Node_040,Node_012,CAM,393,11.93,-61.4,37.51,5.71,0,Normal
2026-06-13 12:01:39.348,Node_008,Node_009,CAM,610,2.38,-45.4,11.61,5.3100000000000005,0,Normal
2026-06-13 12:02:53.978,Node_002,Node_040,CAM,404,2.91,-83.0,9.41,7.78,0,Normal
2026-06-13 12:02:08.744,Node_045,Node_041,DENM,436,25.77,-103.6,14.72,1.22,1,Sybil_Spoofing
2026-06-13 12:02:30.792,Node_018,Node_023,UDP_STREAM,1405,45.03,-72.2,506.14,240.2,1,DoS_Flooding
2026-06-13 12:02:14.780,Node_014,Node_019,CAM,683,4.8,-60.7,26.23,5.88,0,Normal
2026-06-13 12:01:48.484,Node_032,Node_024,TCP_ACK,64,5.34,-80.5,2.73,8.25,0,Normal
2026-06-13 12:01:03.081,Node_022,Node_024,CAM,959,10.1,-55.3,77.49,7.36,0,Normal
2026-06-13 12:02:34.140,Node_016,Node_042,BSM,482,4.1,-69.6,15.81,6.62,0,Normal
2026-06-13 12:01:03.167,Node_041,Node_048,BSM,816,3.2,-61.5,20.89,6.41,0,Normal
2026-06-13 12:01:25.260,Node_013,Node_046,CAM,656,11.26,-82.0,59.09,5.51,0,Normal
2026-06-13 12:02:22.687,Node_020,Node_047,BSM,685,11.9,-76.9,65.21,5.73,0,Normal
2026-06-13 12:00:30.912,Node_009,Node_013,CAM,628,7.5,-74.9,37.68,4.84,0,Normal
2026-06-13 12:02:24.354,Node_024,Node_029,BSM,844,38.97,-103.7,61.92,2.01,1,Sybil_Spoofing
2026-06-13 12:00:22.110,Node_011,Node_039,TCP_ACK,64,4.74,-46.3,2.43,7.55,0,Normal
2026-06-13 12:00:36.875,Node_045,Node_013,CAM,958,10.15,-65.2,77.79,7.63,0,Normal
2026-06-13 12:03:28.116,Node_005,Node_011,CAM,648,9.51,-69.6,49.3,5.37,0,Normal
2026-06-13 12:02:45.424,Node_039,Node_018,DENM,411,3.84,-78.6,12.63,8.89,0,Normal
2026-06-13 12:00:17.736,Node_033,Node_030,CAM,715,9.08,-64.0,51.94,6.06,0,Normal
2026-06-13 12:01:37.614,Node_019,Node_046,UDP_STREAM,1430,59.59,-78.2,681.71,235.31,1,DoS_Flooding
2026-06-13 12:01:59.880,Node_009,Node_018,CAM,1094,9.91,-59.3,86.73,5.09,0,Normal
2026-06-13 12:01:33.303,Node_035,Node_008,TCP_ACK,64,2.01,-71.1,1.03,8.36,0,Normal
2026-06-13 12:02:34.128,Node_021,Node_006,TCP_ACK,64,11.46,-49.6,5.87,7.48,0,Normal
2026-06-13 12:01:05.252,Node_027,Node_040,UDP_STREAM,501,5.25,-82.7,21.04,6.11,0,Normal
2026-06-13 12:02:29.884,Node_015,Node_047,TCP_ACK,64,11.65,-77.9,5.96,5.890000000000001,0,Normal
2026-06-13 12:03:38.295,Node_043,Node_050,DENM,1161,9.81,-80.7,91.12,7.44,0,Normal
2026-06-13 12:02:39.002,Node_042,Node_017,CAM,1090,8.26,-60.8,72.03,8.35,0,Normal
2026-06-13 12:03:02.901,Node_015,Node_021,TCP_ACK,64,4.69,-61.7,2.4,5.51,0,Normal
2026-06-13 12:02:45.168,Node_010,Node_029,TCP_ACK,64,4.32,-55.9,2.21,6.35,0,Normal
2026-06-13 12:03:16.548,Node_006,Node_032,CAM,385,6.59,-52.4,20.3,5.85,0,Normal
2026-06-13 12:03:21.150,Node_047,Node_012,CAM,863,4.82,-72.6,33.28,8.45,0,Normal
2026-06-13 12:02:44.010,Node_044,Node_039,DENM,392,2.69,-82.1,8.44,5.75,0,Normal
2026-06-13 12:02:48.596,Node_007,Node_047,UDP_STREAM,1412,63.89,-55.0,721.7,89.87,1,DoS_Flooding
2026-06-13 12:00:19.409,Node_049,Node_042,CAM,1157,34.41,-107.9,22.58,1.03,1,Sybil_Spoofing
2026-06-13 12:00:17.928,Node_007,Node_035,BSM,953,36.4,-107.9,77.61,2.78,1,Sybil_Spoofing
2026-06-13 12:01:16.245,Node_020,Node_022,CAM,690,3.55,-82.8,19.6,7.41,0,Normal
2026-06-13 12:03:42.904,Node_008,Node_002,TCP_ACK,64,10.25,-80.9,5.25,8.18,0,Normal
2026-06-13 12:03:29.580,Node_027,Node_010,BSM,201,11.12,-84.0,17.88,10.22,0,Normal
2026-06-13 12:01:10.406,Node_023,Node_042,TCP_ACK,64,4.87,-48.1,2.49,9.32,0,Normal
2026-06-13 12:00:56.962,Node_032,Node_011,UDP_STREAM,312,4.25,-46.7,10.61,9.59,0,Normal
2026-06-13 12:00:43.500,Node_040,Node_022,BSM,321,27.27,-109.3,14.38,1.86,1,Sybil_Spoofing
2026-06-13 12:02:22.595,Node_039,Node_012,CAM,895,6.25,-49.3,44.75,5.87,0,Normal
2026-06-13 12:02:04.666,Node_023,Node_007,CAM,477,11.16,-58.5,42.59,7.54,0,Normal
2026-06-13 12:00:43.587,Node_001,Node_010,UDP_STREAM,996,8.56,-72.2,68.21,6.7,0,Normal
2026-06-13 12:03:18.528,Node_005,Node_008,CAM,791,6.27,-55.9,39.68,4.88,0,Normal
2026-06-13 12:02:18.460,Node_009,Node_012,UDP_STREAM,985,5.85,-72.2,46.1,6.68,0,Normal
2026-06-13 12:02:53.190,Node_039,Node_041,UDP_STREAM,541,3.38,-47.2,14.63,8.27,0,Normal
2026-06-13 12:02:42.756,Node_027,Node_036,BSM,709,7.39,-65.3,41.92,7.28,0,Normal
2026-06-13 12:01:42.544,Node_025,Node_006,DENM,794,9.15,-63.9,58.12,6.39,0,Normal
2026-06-13 12:01:39.594,Node_045,Node_006,BSM,440,5.62,-76.9,19.78,5.68,0,Normal
2026-06-13 12:02:34.020,Node_036,Node_031,BSM,1180,3.34,-80.6,31.53,7.3,0,Normal
2026-06-13 12:02:34.122,Node_050,Node_009,CAM,501,6.6,-51.6,26.45,6.27,0,Normal
2026-06-13 12:02:56.904,Node_016,Node_014,DENM,0,0.0,-55.1,0.0,0.0,1,Blackhole_Drop
2026-06-13 12:01:09.598,Node_025,Node_047,BSM,226,33.72,-108.4,16.2,1.95,1,Sybil_Spoofing
2026-06-13 12:01:15.700,Node_002,Node_010,UDP_STREAM,1453,52.49,-75.2,610.14,127.87,1,DoS_Flooding
2026-06-13 12:01:08.175,Node_048,Node_034,DENM,915,11.49,-66.2,84.11,5.3,0,Normal
2026-06-13 12:03:06.468,Node_042,Node_045,CAM,213,4.87,-78.8,8.3,5.98,0,Normal
2026-06-13 12:00:27.306,Node_039,Node_049,BSM,377,7.03,-84.6,21.2,9.74,0,Normal
2026-06-13 12:03:11.268,Node_036,Node_046,TCP_ACK,64,10.3,-48.2,5.27,7.24,0,Normal
2026-06-13 12:01:43.292,Node_028,Node_011,BSM,478,11.73,-64.1,44.86,8.68,0,Normal
2026-06-13 12:01:03.840,Node_048,Node_014,TCP_ACK,64,6.0,-82.8,3.07,5.34,0,Normal
2026-06-13 12:00:44.109,Node_045,Node_030,DENM,688,5.13,-59.3,28.24,13.23,0,Normal
2026-06-13 12:01:19.144,Node_004,Node_024,CAM,0,0.0,-74.2,0.0,0.0,1,Blackhole_Drop
2026-06-13 12:02:35.346,Node_039,Node_050,UDP_STREAM,1066,5.35,-75.4,45.62,7.27,0,Normal
2026-06-13 12:00:56.388,Node_005,Node_014,DENM,811,2.11,-48.6,13.69,4.66,0,Normal
2026-06-13 12:01:33.025,Node_041,Node_003,CAM,446,4.69,-45.9,16.73,8.26,0,Normal
2026-06-13 12:03:22.958,Node_003,Node_004,CAM,522,2.93,-72.7,12.24,5.52,0,Normal
2026-06-13 12:02:05.214,Node_026,Node_033,BSM,399,5.14,-69.4,16.41,6.29,0,Normal
2026-06-13 12:01:05.704,Node_045,Node_044,TCP_ACK,64,2.97,-68.7,1.52,6.95,0,Normal
2026-06-13 12:00:53.515,Node_033,Node_050,CAM,353,2.24,-53.2,6.33,7.7,0,Normal
2026-06-13 12:00:29.070,Node_019,Node_011,TCP_ACK,64,3.52,-66.5,1.8,6.26,0,Normal
2026-06-13 12:00:50.523,Node_046,Node_015,BSM,1105,4.16,-57.7,36.77,6.78,0,Normal
2026-06-13 12:01:18.132,Node_033,Node_034,CAM,946,8.09,-64.1,61.23,6.89,0,Normal
2026-06-13 12:03:10.092,Node_009,Node_022,DENM,497,5.6,-50.8,22.27,6.58,0,Normal
2026-06-13 12:02:47.206,Node_016,Node_014,TCP_ACK,64,11.97,-60.7,6.13,6.24,0,Normal
2026-06-13 12:03:30.295,Node_007,Node_001,CAM,346,9.66,-72.6,26.74,5.88,0,Normal
2026-06-13 12:00:49.152,Node_032,Node_007,UDP_STREAM,665,5.14,-47.6,27.34,6.97,0,Normal
2026-06-13 12:02:04.497,Node_037,Node_024,UDP_STREAM,561,2.89,-77.8,12.97,6.92,0,Normal
2026-06-13 12:01:56.888,Node_031,Node_017,CAM,981,10.77,-59.0,84.52,5.67,0,Normal
2026-06-13 12:01:03.099,Node_037,Node_032,CAM,240,5.63,-73.5,10.81,6.25,0,Normal
2026-06-13 12:01:06.220,Node_029,Node_024,CAM,724,10.45,-46.9,60.53,4.67,0,Normal
2026-06-13 12:02:57.215,Node_033,Node_029,UDP_STREAM,1482,47.85,-45.4,567.31,270.79,1,DoS_Flooding
2026-06-13 12:00:18.504,Node_010,Node_007,CAM,497,5.76,-62.2,22.9,4.6899999999999995,0,Normal
2026-06-13 12:01:43.381,Node_025,Node_030,BSM,885,2.94,-66.4,20.82,5.9,0,Normal
2026-06-13 12:03:19.176,Node_007,Node_006,CAM,384,9.32,-48.3,28.63,5.3100000000000005,0,Normal
2026-06-13 12:03:05.400,Node_013,Node_026,CAM,536,2.64,-71.3,11.32,5.57,0,Normal
2026-06-13 12:01:38.944,Node_045,Node_048,CAM,687,3.14,-66.8,17.26,8.76,0,Normal
2026-06-13 12:03:21.110,Node_010,Node_041,CAM,418,5.2,-83.7,17.39,5.18,0,Normal
2026-06-13 12:02:45.636,Node_004,Node_024,CAM,1008,39.29,-97.0,50.8,2.37,1,Sybil_Spoofing
2026-06-13 12:02:02.371,Node_017,Node_041,CAM,380,2.84,-82.2,8.63,6.95,0,Normal
2026-06-13 12:02:13.300,Node_046,Node_029,TCP_ACK,64,10.71,-64.0,5.48,4.52,0,Normal
2026-06-13 12:01:57.876,Node_012,Node_004,DENM,294,10.95,-67.9,25.75,6.28,0,Normal
2026-06-13 12:02:13.472,Node_011,Node_013,TCP_ACK,64,5.49,-68.2,2.81,6.81,0,Normal
2026-06-13 12:01:19.203,Node_045,Node_028,DENM,563,11.13,-62.2,50.13,5.26,0,Normal
2026-06-13 12:01:33.240,Node_005,Node_047,CAM,883,7.78,-79.2,54.96,4.92,0,Normal
2026-06-13 12:02:21.505,Node_001,Node_010,DENM,1118,6.59,-79.1,58.94,7.67,0,Normal
2026-06-13 12:01:00.684,Node_044,Node_027,CAM,469,7.21,-84.9,27.05,4.55,0,Normal
2026-06-13 12:01:05.394,Node_041,Node_029,UDP_STREAM,1495,93.95,-61.9,1123.64,183.74,1,DoS_Flooding
2026-06-13 12:03:52.142,Node_050,Node_011,CAM,815,5.78,-71.1,37.69,5.140000000000001,0,Normal
2026-06-13 12:00:20.267,Node_024,Node_002,BSM,509,10.97,-64.9,44.67,4.23,0,Normal
2026-06-13 12:03:33.720,Node_042,Node_030,DENM,623,6.1,-70.9,30.4,8.29,0,Normal
2026-06-13 12:03:43.223,Node_049,Node_022,TCP_ACK,64,3.13,-78.0,1.6,7.5,0,Normal
2026-06-13 12:01:25.910,Node_036,Node_039,CAM,366,7.43,-69.7,21.76,8.469999999999999,0,Normal
2026-06-13 12:03:09.123,Node_041,Node_019,UDP_STREAM,918,8.2,-48.0,60.22,6.67,0,Normal
2026-06-13 12:00:50.048,Node_007,Node_006,TCP_ACK,64,8.5,-60.3,4.35,5.140000000000001,0,Normal
2026-06-13 12:03:34.405,Node_048,Node_049,DENM,838,11.27,-81.0,75.55,5.859999999999999,0,Normal
2026-06-13 12:00:28.188,Node_043,Node_019,BSM,1072,6.21,-76.1,53.26,3.65,0,Normal
2026-06-13 12:02:47.669,Node_008,Node_013,TCP_ACK,64,10.56,-47.0,5.41,4.88,0,Normal
2026-06-13 12:03:20.704,Node_027,Node_042,CAM,920,9.85,-69.2,72.5,6.13,0,Normal
2026-06-13 12:01:45.123,Node_033,Node_019,CAM,474,10.8,-74.4,40.95,8.15,0,Normal
2026-06-13 12:03:02.120,Node_044,Node_016,UDP_STREAM,1419,84.53,-68.4,959.58,282.58,1,DoS_Flooding
2026-06-13 12:03:43.082,Node_048,Node_039,CAM,525,5.35,-46.6,22.47,6.97,0,Normal
2026-06-13 12:01:51.612,Node_036,Node_026,UDP_STREAM,397,31.44,-96.0,25.92,2.88,1,Sybil_Spoofing
2026-06-13 12:02:51.457,Node_047,Node_012,DENM,612,11.04,-64.3,54.05,5.08,0,Normal
2026-06-13 12:00:55.090,Node_046,Node_009,DENM,716,3.18,-61.9,18.22,5.1,0,Normal
2026-06-13 12:01:59.700,Node_036,Node_011,UDP_STREAM,1401,76.44,-81.3,856.74,224.42,1,DoS_Flooding
2026-06-13 12:00:26.792,Node_040,Node_046,CAM,756,11.21,-81.8,67.8,5.43,0,Normal
2026-06-13 12:01:07.811,Node_030,Node_041,DENM,846,9.78,-77.5,66.19,7.06,0,Normal
2026-06-13 12:01:44.148,Node_020,Node_013,CAM,748,10.4,-55.9,62.23,5.41,0,Normal
2026-06-13 12:02:47.374,Node_050,Node_017,CAM,875,2.52,-81.7,17.64,5.62,0,Normal
2026-06-13 12:00:23.700,Node_041,Node_038,TCP_ACK,64,10.67,-80.6,5.46,7.02,0,Normal
2026-06-13 12:01:04.821,Node_007,Node_010,UDP_STREAM,489,38.69,-97.3,18.07,1.42,1,Sybil_Spoofing
2026-06-13 12:00:55.370,Node_032,Node_002,DENM,623,30.63,-99.7,13.66,1.63,1,Sybil_Spoofing
2026-06-13 12:03:17.875,Node_011,Node_012,BSM,505,2.1,-77.9,8.48,5.32,0,Normal
2026-06-13 12:00:28.512,Node_008,Node_022,CAM,555,6.84,-60.4,30.37,6.64,0,Normal
2026-06-13 12:01:19.250,Node_034,Node_048,TCP_ACK,64,4.55,-80.1,2.33,5.48,0,Normal
2026-06-13 12:03:53.142,Node_002,Node_034,BSM,724,9.61,-76.3,55.66,7.24,0,Normal
2026-06-13 12:01:43.155,Node_002,Node_021,CAM,341,4.2,-55.9,11.46,5.34,0,Normal
2026-06-13 12:02:03.864,Node_018,Node_031,CAM,404,11.53,-71.1,37.26,6.02,0,Normal
2026-06-13 12:02:15.065,Node_030,Node_048,CAM,1028,6.96,-64.5,57.24,7.27,0,Normal
2026-06-13 12:01:33.810,Node_017,Node_012,CAM,402,8.87,-49.5,28.53,6.9,0,Normal
2026-06-13 12:02:55.010,Node_007,Node_038,BSM,1012,9.66,-72.5,78.21,7.02,0,Normal
2026-06-13 12:03:33.328,Node_028,Node_029,BSM,633,7.96,-74.1,40.31,6.3,0,Normal
2026-06-13 12:00:58.941,Node_039,Node_025,CAM,639,4.0,-70.9,20.45,5.140000000000001,0,Normal
2026-06-13 12:00:41.444,Node_029,Node_011,CAM,1110,2.34,-64.5,20.78,7.75,0,Normal
2026-06-13 12:02:15.575,Node_039,Node_042,UDP_STREAM,1423,85.45,-70.9,972.76,185.91,1,DoS_Flooding
2026-06-13 12:01:30.972,Node_023,Node_016,CAM,274,4.15,-70.1,9.1,5.68,0,Normal
2026-06-13 12:02:23.730,Node_008,Node_001,UDP_STREAM,526,8.88,-56.3,37.37,5.6,0,Normal
2026-06-13 12:02:27.016,Node_015,Node_036,DENM,267,5.86,-60.9,12.52,9.219999999999999,0,Normal
2026-06-13 12:00:57.564,Node_036,Node_018,CAM,933,8.08,-49.7,60.31,6.21,0,Normal
2026-06-13 12:00:46.400,Node_037,Node_042,DENM,631,8.82,-67.6,44.52,10.02,0,Normal
2026-06-13 12:01:36.060,Node_013,Node_004,UDP_STREAM,1021,6.94,-83.1,56.69,4.9399999999999995,0,Normal
2026-06-13 12:01:04.080,Node_008,Node_029,BSM,375,8.01,-61.4,24.03,8.370000000000001,0,Normal
2026-06-13 12:00:24.045,Node_019,Node_002,UDP_STREAM,1459,59.22,-62.0,691.22,282.79,1,DoS_Flooding
2026-06-13 12:03:01.252,Node_003,Node_035,UDP_STREAM,1460,49.76,-71.5,581.2,273.59,1,DoS_Flooding
2026-06-13 12:02:19.635,Node_018,Node_021,DENM,971,5.46,-81.8,42.41,5.21,0,Normal
2026-06-13 12:03:38.416,Node_040,Node_004,BSM,602,4.98,-45.6,23.98,6.51,0,Normal
2026-06-13 12:01:05.887,Node_024,Node_040,UDP_STREAM,1413,94.68,-83.1,1070.26,287.43,1,DoS_Flooding
2026-06-13 12:03:14.568,Node_015,Node_011,CAM,290,3.91,-48.9,9.07,6.56,0,Normal
2026-06-13 12:03:56.523,Node_001,Node_045,UDP_STREAM,1406,92.36,-49.7,1038.87,102.63,1,DoS_Flooding
2026-06-13 12:02:31.340,Node_045,Node_040,TCP_ACK,64,9.92,-69.8,5.08,4.8100000000000005,0,Normal
2026-06-13 12:01:12.495,Node_038,Node_030,CAM,322,3.26,-50.5,8.4,6.09,0,Normal
2026-06-13 12:03:05.380,Node_041,Node_029,BSM,884,3.22,-63.9,22.77,6.83,0,Normal
2026-06-13 12:03:37.755,Node_018,Node_021,CAM,991,9.31,-76.0,73.81,5.43,0,Normal
2026-06-13 12:02:17.190,Node_046,Node_006,CAM,561,7.59,-50.1,34.06,8.46,0,Normal
2026-06-13 12:01:40.130,Node_045,Node_005,UDP_STREAM,1427,68.41,-82.6,780.97,175.49,1,DoS_Flooding
2026-06-13 12:03:36.544,Node_007,Node_022,BSM,413,10.14,-54.5,33.5,6.94,0,Normal
2026-06-13 12:02:25.530,Node_049,Node_020,CAM,925,6.54,-78.8,48.4,5.92,0,Normal
2026-06-13 12:01:09.574,Node_015,Node_024,BSM,594,11.75,-50.3,55.84,7.6,0,Normal
2026-06-13 12:03:01.328,Node_013,Node_005,CAM,484,6.23,-57.5,24.12,6.64,0,Normal
2026-06-13 12:00:58.320,Node_010,Node_030,UDP_STREAM,1458,54.35,-80.6,633.94,91.72,1,DoS_Flooding
2026-06-13 12:03:55.045,Node_029,Node_023,CAM,471,3.18,-63.0,11.98,6.67,0,Normal
2026-06-13 12:01:43.808,Node_010,Node_026,CAM,714,6.31,-71.7,36.04,7.22,0,Normal
2026-06-13 12:02:48.792,Node_007,Node_004,CAM,864,5.83,-47.9,40.3,6.75,0,Normal
2026-06-13 12:01:34.192,Node_026,Node_012,BSM,808,4.76,-60.7,30.77,5.15,0,Normal
2026-06-13 12:01:00.125,Node_044,Node_004,TCP_ACK,64,8.46,-46.6,4.33,8.32,0,Normal
2026-06-13 12:00:37.398,Node_003,Node_037,UDP_STREAM,472,4.39,-63.7,16.58,6.95,0,Normal
2026-06-13 12:03:03.851,Node_026,Node_007,CAM,425,9.34,-49.8,31.76,7.26,0,Normal
2026-06-13 12:01:40.936,Node_011,Node_014,CAM,555,8.37,-56.8,37.16,8.030000000000001,0,Normal
2026-06-13 12:00:16.290,Node_007,Node_012,BSM,715,11.08,-60.1,63.38,8.120000000000001,0,Normal
2026-06-13 12:01:55.730,Node_011,Node_021,UDP_STREAM,897,2.69,-77.5,19.3,5.23,0,Normal
2026-06-13 12:01:15.026,Node_001,Node_043,CAM,685,6.28,-84.2,34.41,5.05,0,Normal
2026-06-13 12:00:47.328,Node_011,Node_044,DENM,978,10.53,-61.2,82.39,5.5,0,Normal
2026-06-13 12:00:16.330,Node_032,Node_016,UDP_STREAM,1487,94.52,-83.2,1124.41,281.31,1,DoS_Flooding
2026-06-13 12:03:55.296,Node_033,Node_011,UDP_STREAM,973,3.47,-81.2,27.01,5.890000000000001,0,Normal
2026-06-13 12:02:35.325,Node_029,Node_032,UDP_STREAM,952,5.51,-63.2,41.96,5.17,0,Normal
2026-06-13 12:02:01.064,Node_024,Node_030,CAM,213,10.28,-73.0,17.52,5.23,0,Normal
2026-06-13 12:03:52.454,Node_050,Node_043,UDP_STREAM,1077,10.65,-51.3,91.76,6.9,0,Normal
2026-06-13 12:02:09.402,Node_044,Node_034,DENM,945,8.4,-79.1,63.5,4.73,0,Normal
2026-06-13 12:01:48.174,Node_043,Node_010,DENM,565,6.98,-75.2,31.55,6.49,0,Normal
2026-06-13 12:03:16.800,Node_024,Node_014,BSM,962,2.89,-48.2,22.24,7.74,0,Normal
2026-06-13 12:01:00.717,Node_018,Node_041,DENM,895,7.45,-48.5,53.34,7.72,0,Normal
2026-06-13 12:03:56.448,Node_012,Node_017,UDP_STREAM,1132,8.79,-49.5,79.6,7.31,0,Normal
2026-06-13 12:03:10.588,Node_018,Node_020,CAM,395,2.41,-64.2,7.62,7.53,0,Normal
2026-06-13 12:01:07.404,Node_028,Node_030,CAM,780,11.68,-53.3,72.88,7.42,0,Normal
2026-06-13 12:00:19.740,Node_032,Node_044,DENM,350,6.66,-79.0,18.65,5.21,0,Normal
2026-06-13 12:01:23.946,Node_020,Node_032,DENM,495,2.65,-73.2,10.49,6.13,0,Normal
2026-06-13 12:01:47.055,Node_019,Node_038,BSM,326,2.53,-72.8,6.6,7.36,0,Normal
2026-06-13 12:00:16.480,Node_004,Node_017,CAM,341,5.5,-73.7,15.0,5.85,0,Normal
2026-06-13 12:01:20.801,Node_006,Node_046,CAM,477,3.43,-55.7,13.09,5.87,0,Normal
2026-06-13 12:00:49.500,Node_019,Node_015,DENM,232,6.73,-70.8,12.49,6.8,0,Normal
2026-06-13 12:02:58.308,Node_028,Node_026,CAM,1190,11.04,-49.3,105.1,9.49,0,Normal
2026-06-13 12:02:27.028,Node_012,Node_037,DENM,646,8.79,-72.1,45.43,7.66,0,Normal
2026-06-13 12:01:40.833,Node_017,Node_009,DENM,626,34.42,-101.5,37.76,2.09,1,Sybil_Spoofing
2026-06-13 12:02:55.324,Node_028,Node_007,CAM,341,7.27,-57.2,19.83,6.65,0,Normal
2026-06-13 12:02:47.155,Node_030,Node_023,UDP_STREAM,637,6.67,-46.5,33.99,5.3100000000000005,0,Normal
2026-06-13 12:00:26.496,Node_050,Node_027,CAM,290,9.56,-60.4,22.18,7.79,0,Normal
2026-06-13 12:01:59.304,Node_038,Node_033,UDP_STREAM,582,3.27,-63.3,15.23,8.52,0,Normal
2026-06-13 12:02:20.930,Node_004,Node_049,TCP_ACK,64,10.45,-80.0,5.35,9.95,0,Normal
2026-06-13 12:03:32.352,Node_049,Node_034,TCP_ACK,64,34.75,-97.6,3.38,1.67,1,Sybil_Spoofing
2026-06-13 12:00:56.440,Node_019,Node_037,CAM,693,8.91,-50.4,49.4,7.16,0,Normal
2026-06-13 12:03:52.540,Node_048,Node_046,CAM,254,9.02,-64.3,18.33,7.22,0,Normal
2026-06-13 12:03:46.032,Node_009,Node_015,DENM,1116,8.76,-50.9,78.21,5.29,0,Normal
2026-06-13 12:02:28.007,Node_047,Node_001,UDP_STREAM,0,0.0,-57.5,0.0,0.0,1,Blackhole_Drop
2026-06-13 12:00:16.640,Node_010,Node_039,CAM,1101,3.21,-81.1,28.27,6.69,0,Normal
2026-06-13 12:03:38.115,Node_002,Node_033,BSM,654,5.91,-48.0,30.92,5.66,0,Normal
2026-06-13 12:03:41.578,Node_012,Node_016,CAM,1061,10.48,-74.6,88.95,7.09,0,Normal
2026-06-13 12:03:23.374,Node_043,Node_040,CAM,326,6.32,-59.6,16.48,10.37,0,Normal
2026-06-13 12:01:58.428,Node_011,Node_033,CAM,959,9.0,-77.0,69.05,4.66,0,Normal
2026-06-13 12:02:20.196,Node_043,Node_007,UDP_STREAM,1182,7.89,-70.3,74.61,7.34,0,Normal
2026-06-13 12:03:00.360,Node_045,Node_007,TCP_ACK,64,6.64,-52.5,3.4,6.39,0,Normal
2026-06-13 12:02:17.022,Node_030,Node_008,UDP_STREAM,1483,89.66,-61.8,1063.73,230.67,1,DoS_Flooding
2026-06-13 12:00:33.440,Node_023,Node_009,UDP_STREAM,1420,62.89,-66.7,714.43,286.12,1,DoS_Flooding
2026-06-13 12:03:50.874,Node_014,Node_023,DENM,1124,30.28,-100.2,81.47,2.44,1,Sybil_Spoofing
2026-06-13 12:02:40.704,Node_030,Node_046,CAM,1079,9.87,-73.9,85.2,4.93,0,Normal
2026-06-13 12:02:25.725,Node_026,Node_005,DENM,1138,10.39,-65.7,94.59,7.45,0,Normal
2026-06-13 12:01:33.856,Node_037,Node_046,CAM,1149,7.07,-58.6,64.99,7.1,0,Normal
2026-06-13 12:02:34.284,Node_038,Node_023,UDP_STREAM,1493,52.96,-68.8,632.55,107.69,1,DoS_Flooding
2026-06-13 12:01:02.086,Node_032,Node_044,CAM,687,5.24,-75.7,28.8,8.33,0,Normal
2026-06-13 12:01:57.530,Node_007,Node_012,CAM,945,10.92,-54.8,82.56,5.84,0,Normal
2026-06-13 12:00:43.680,Node_004,Node_040,CAM,456,34.1,-98.5,11.45,2.68,1,Sybil_Spoofing
2026-06-13 12:01:30.774,Node_021,Node_007,DENM,915,6.5,-79.7,47.58,5.470000000000001,0,Normal
2026-06-13 12:01:42.602,Node_013,Node_017,TCP_ACK,64,6.91,-57.8,3.54,5.79,0,Normal
2026-06-13 12:01:25.833,Node_028,Node_034,TCP_ACK,64,10.09,-77.3,5.17,5.029999999999999,0,Normal
2026-06-13 12:00:57.256,Node_014,Node_003,TCP_ACK,64,10.1,-49.3,5.17,5.529999999999999,0,Normal
2026-06-13 12:03:12.090,Node_037,Node_035,CAM,1085,2.72,-77.6,23.61,4.29,0,Normal
2026-06-13 12:04:04.470,Node_032,Node_013,UDP_STREAM,1052,4.07,-51.9,34.25,6.96,0,Normal
2026-06-13 12:02:50.387,Node_040,Node_036,CAM,1073,3.38,-82.3,29.01,10.06,0,Normal
2026-06-13 12:02:58.928,Node_005,Node_037,DENM,0,0.0,-64.3,0.0,0.0,1,Blackhole_Drop
2026-06-13 12:03:51.393,Node_015,Node_004,BSM,815,7.41,-84.1,48.31,6.08,0,Normal
2026-06-13 12:02:21.960,Node_017,Node_025,UDP_STREAM,920,5.58,-50.1,41.07,9.52,0,Normal
2026-06-13 12:02:20.353,Node_005,Node_035,CAM,789,4.41,-64.3,27.84,7.21,0,Normal
2026-06-13 12:02:30.588,Node_026,Node_040,DENM,258,7.46,-49.3,15.4,6.85,0,Normal
2026-06-13 12:02:10.361,Node_042,Node_002,UDP_STREAM,233,5.38,-74.6,10.03,5.41,0,Normal
2026-06-13 12:00:42.350,Node_009,Node_014,BSM,760,10.17,-71.8,61.83,6.2,0,Normal
2026-06-13 12:00:42.375,Node_016,Node_032,DENM,274,10.06,-62.4,22.05,5.71,0,Normal
2026-06-13 12:00:32.224,Node_023,Node_005,DENM,1172,6.16,-55.4,57.76,7.06,0,Normal
2026-06-13 12:03:44.004,Node_009,Node_018,BSM,940,2.42,-83.6,18.2,7.1,0,Normal
2026-06-13 12:02:48.102,Node_028,Node_031,CAM,510,9.82,-49.9,40.07,5.9,0,Normal
2026-06-13 12:00:40.776,Node_002,Node_050,CAM,1000,10.11,-63.6,80.88,6.11,0,Normal
2026-06-13 12:00:23.800,Node_036,Node_031,DENM,253,5.87,-69.9,11.88,8.34,0,Normal
2026-06-13 12:03:22.419,Node_036,Node_009,CAM,318,6.38,-49.1,16.23,8.59,0,Normal
2026-06-13 12:02:57.008,Node_023,Node_013,CAM,551,6.37,-82.7,28.08,6.0,0,Normal
2026-06-13 12:00:20.436,Node_015,Node_027,TCP_ACK,64,9.47,-49.5,4.85,6.04,0,Normal
2026-06-13 12:00:35.784,Node_001,Node_047,CAM,455,10.13,-81.9,36.87,5.13,0,Normal
2026-06-13 12:01:35.480,Node_019,Node_003,TCP_ACK,64,5.14,-60.9,2.63,6.11,0,Normal
2026-06-13 12:02:23.304,Node_009,Node_039,DENM,607,33.15,-106.2,32.97,1.99,1,Sybil_Spoofing
2026-06-13 12:02:52.407,Node_015,Node_029,BSM,930,5.03,-70.3,37.42,4.79,0,Normal
2026-06-13 12:02:02.976,Node_034,Node_018,UDP_STREAM,526,35.58,-96.5,37.79,2.24,1,Sybil_Spoofing
2026-06-13 12:02:18.429,Node_006,Node_014,UDP_STREAM,1133,3.37,-46.0,30.55,6.15,0,Normal
2026-06-13 12:01:47.730,Node_008,Node_024,UDP_STREAM,942,10.16,-79.3,76.57,8.76,0,Normal
2026-06-13 12:03:28.742,Node_042,Node_049,DENM,664,11.53,-84.1,61.25,8.879999999999999,0,Normal
2026-06-13 12:02:15.248,Node_018,Node_038,BSM,593,30.76,-97.2,23.72,1.04,1,Sybil_Spoofing
2026-06-13 12:03:03.291,Node_025,Node_029,DENM,245,4.24,-69.8,8.31,6.98,0,Normal
2026-06-13 12:04:10.244,Node_004,Node_043,BSM,512,2.31,-54.5,9.46,6.1,0,Normal
2026-06-13 12:02:44.640,Node_017,Node_049,TCP_ACK,64,7.91,-54.7,4.05,6.87,0,Normal
2026-06-13 12:03:27.636,Node_028,Node_047,DENM,0,0.0,-82.7,0.0,0.0,1,Blackhole_Drop
2026-06-13 12:03:07.153,Node_047,Node_044,CAM,494,10.59,-47.5,41.85,8.36,0,Normal
2026-06-13 12:04:03.956,Node_017,Node_011,UDP_STREAM,1183,5.81,-55.2,54.99,7.45,0,Normal
2026-06-13 12:01:13.917,Node_001,Node_018,DENM,1018,8.83,-74.0,71.91,5.890000000000001,0,Normal
2026-06-13 12:04:14.560,Node_019,Node_022,DENM,784,5.95,-60.4,37.32,7.48,0,Normal
2026-06-13 12:02:07.354,Node_042,Node_050,CAM,822,2.12,-72.7,13.94,4.640000000000001,0,Normal
2026-06-13 12:02:12.594,Node_012,Node_029,UDP_STREAM,1445,69.01,-84.6,797.76,283.42,1,DoS_Flooding
2026-06-13 12:01:51.995,Node_027,Node_004,CAM,793,11.39,-73.9,72.26,5.640000000000001,0,Normal
2026-06-13 12:02:35.160,Node_005,Node_029,BSM,384,4.58,-53.5,14.07,8.71,0,Normal
2026-06-13 12:03:54.600,Node_009,Node_015,CAM,845,3.74,-50.2,25.28,5.890000000000001,0,Normal
2026-06-13 12:01:59.094,Node_008,Node_042,UDP_STREAM,239,3.84,-64.7,7.34,6.58,0,Normal
2026-06-13 12:02:37.157,Node_003,Node_036,BSM,934,4.28,-46.9,31.98,6.05,0,Normal
2026-06-13 12:02:09.600,Node_002,Node_044,BSM,1065,10.57,-70.9,90.06,7.12,0,Normal
2026-06-13 12:02:01.030,Node_023,Node_007,CAM,279,33.56,-106.9,15.78,2.66,1,Sybil_Spoofing
2026-06-13 12:03:20.680,Node_005,Node_042,CAM,636,10.76,-79.3,54.75,4.279999999999999,0,Normal
2026-06-13 12:02:56.562,Node_022,Node_027,CAM,1118,8.52,-66.2,76.2,8.54,0,Normal
2026-06-13 12:00:29.444,Node_011,Node_024,CAM,245,4.91,-79.0,9.62,9.02,0,Normal
2026-06-13 12:01:04.121,Node_039,Node_014,TCP_ACK,64,10.08,-64.6,5.16,5.890000000000001,0,Normal
2026-06-13 12:04:02.760,Node_038,Node_046,CAM,552,11.4,-69.8,50.34,5.48,0,Normal
2026-06-13 12:01:23.280,Node_025,Node_049,CAM,864,2.78,-81.9,19.22,6.19,0,Normal
2026-06-13 12:01:56.312,Node_037,Node_033,BSM,788,8.3,-55.6,52.32,5.1899999999999995,0,Normal
2026-06-13 12:01:11.217,Node_034,Node_004,CAM,821,6.72,-64.0,44.14,6.97,0,Normal
2026-06-13 12:02:15.564,Node_013,Node_037,CAM,500,11.11,-71.9,44.44,6.01,0,Normal
2026-06-13 12:02:57.378,Node_015,Node_030,TCP_ACK,64,5.15,-46.1,2.64,5.85,0,Normal
2026-06-13 12:03:34.020,Node_047,Node_027,UDP_STREAM,570,32.26,-104.6,12.77,1.46,1,Sybil_Spoofing
2026-06-13 12:03:23.697,Node_015,Node_037,CAM,1047,10.27,-80.0,86.02,6.34,0,Normal
2026-06-13 12:03:18.588,Node_044,Node_038,DENM,881,3.38,-74.6,23.82,6.02,0,Normal
2026-06-13 12:02:36.870,Node_008,Node_006,DENM,618,6.21,-45.7,30.7,6.37,0,Normal
2026-06-13 12:01:44.640,Node_012,Node_030,CAM,215,3.67,-68.3,6.31,5.66,0,Normal
2026-06-13 12:03:46.850,Node_048,Node_007,UDP_STREAM,1421,94.5,-51.6,1074.28,116.11,1,DoS_Flooding
2026-06-13 12:04:13.170,Node_025,Node_028,DENM,562,3.27,-57.1,14.7,6.97,0,Normal
2026-06-13 12:02:28.495,Node_008,Node_022,DENM,1118,10.25,-71.5,91.68,6.38,0,Normal
2026-06-13 12:01:04.676,Node_047,Node_003,CAM,275,9.39,-70.8,20.66,5.3,0,Normal
2026-06-13 12:03:19.386,Node_041,Node_029,UDP_STREAM,958,10.35,-73.4,79.32,7.93,0,Normal
2026-06-13 12:01:17.000,Node_047,Node_012,CAM,941,9.66,-48.3,72.72,5.71,0,Normal
2026-06-13 12:00:54.281,Node_010,Node_001,DENM,807,7.93,-58.0,51.2,6.58,0,Normal
2026-06-13 12:02:41.184,Node_029,Node_012,TCP_ACK,64,7.09,-61.5,3.63,5.75,0,Normal
2026-06-13 12:00:59.602,Node_015,Node_020,CAM,705,5.41,-62.4,30.51,7.45,0,Normal
2026-06-13 12:04:05.560,Node_028,Node_019,TCP_ACK,64,5.23,-72.3,2.68,4.470000000000001,0,Normal
2026-06-13 12:01:20.730,Node_003,Node_048,TCP_ACK,64,10.82,-55.8,5.54,5.73,0,Normal
2026-06-13 12:02:22.236,Node_037,Node_040,CAM,0,0.0,-73.6,0.0,0.0,1,Blackhole_Drop
2026-06-13 12:02:20.560,Node_032,Node_029,CAM,429,10.85,-73.5,37.24,5.55,0,Normal
2026-06-13 12:01:05.046,Node_015,Node_043,DENM,485,3.41,-76.7,13.23,4.51,0,Normal
2026-06-13 12:01:33.227,Node_002,Node_039,CAM,1124,2.4,-49.4,21.58,5.66,0,Normal
2026-06-13 12:01:43.840,Node_001,Node_032,DENM,1052,10.22,-70.2,86.01,6.83,0,Normal
2026-06-13 12:03:29.559,Node_047,Node_029,TCP_ACK,64,7.21,-51.8,3.69,5.140000000000001,0,Normal
2026-06-13 12:01:06.956,Node_046,Node_008,BSM,655,29.18,-107.9,57.06,2.34,1,Sybil_Spoofing
2026-06-13 12:02:56.300,Node_006,Node_048,CAM,1012,4.22,-82.0,34.17,6.26,0,Normal
2026-06-13 12:02:47.580,Node_018,Node_030,CAM,845,38.38,-99.7,63.27,1.08,1,Sybil_Spoofing
2026-06-13 12:01:01.775,Node_046,Node_034,CAM,525,3.9,-62.7,16.38,5.46,0,Normal
2026-06-13 12:00:33.554,Node_041,Node_001,CAM,451,3.37,-70.0,12.16,9.17,0,Normal
2026-06-13 12:01:46.020,Node_017,Node_031,CAM,355,6.85,-77.5,19.45,5.46,0,Normal
2026-06-13 12:01:16.024,Node_013,Node_041,BSM,1096,2.89,-64.3,25.34,7.24,0,Normal
2026-06-13 12:01:53.216,Node_001,Node_028,TCP_ACK,64,2.67,-62.7,1.37,6.06,0,Normal
2026-06-13 12:01:37.350,Node_003,Node_027,CAM,904,4.63,-69.8,33.48,5.890000000000001,0,Normal
2026-06-13 12:02:55.329,Node_031,Node_034,CAM,872,11.54,-49.9,80.5,4.92,0,Normal
2026-06-13 12:02:28.848,Node_043,Node_032,BSM,701,9.97,-69.3,55.91,7.23,0,Normal
2026-06-13 12:03:55.809,Node_019,Node_007,TCP_ACK,64,4.19,-46.5,2.15,8.0,0,Normal
2026-06-13 12:02:27.242,Node_027,Node_029,CAM,533,4.47,-68.0,19.06,7.18,0,Normal
2026-06-13 12:02:41.525,Node_043,Node_008,CAM,555,8.97,-56.8,39.83,5.640000000000001,0,Normal
2026-06-13 12:03:56.208,Node_032,Node_039,BSM,621,8.87,-83.8,44.07,6.0,0,Normal
2026-06-13 12:01:55.505,Node_027,Node_004,UDP_STREAM,775,9.72,-74.5,60.26,6.21,0,Normal
2026-06-13 12:03:15.580,Node_029,Node_028,CAM,608,4.61,-82.8,22.42,7.37,0,Normal
2026-06-13 12:01:57.414,Node_022,Node_041,DENM,1038,2.46,-67.1,20.43,8.26,0,Normal
2026-06-13 12:01:32.560,Node_035,Node_014,TCP_ACK,64,9.8,-80.6,5.02,6.12,0,Normal
2026-06-13 12:02:47.414,Node_009,Node_039,BSM,752,2.2,-56.1,13.24,4.59,0,Normal
2026-06-13 12:00:58.806,Node_050,Node_046,DENM,541,11.12,-54.3,48.13,4.58,0,Normal
2026-06-13 12:00:39.226,Node_034,Node_014,DENM,570,7.35,-45.6,33.52,5.54,0,Normal
2026-06-13 12:03:18.024,Node_046,Node_015,TCP_ACK,64,4.9,-78.5,2.51,7.92,0,Normal
2026-06-13 12:03:25.275,Node_014,Node_036,DENM,950,4.49,-84.5,34.12,7.27,0,Normal
2026-06-13 12:04:17.184,Node_007,Node_033,BSM,607,9.91,-83.3,48.12,7.47,0,Normal
2026-06-13 12:00:28.592,Node_015,Node_041,CAM,990,8.88,-83.6,70.33,5.609999999999999,0,Normal
2026-06-13 12:03:09.528,Node_042,Node_026,TCP_ACK,64,3.31,-55.4,1.69,5.91,0,Normal
2026-06-13 12:00:55.459,Node_005,Node_033,UDP_STREAM,1495,86.51,-55.7,1034.66,227.14,1,DoS_Flooding
2026-06-13 12:01:25.920,Node_007,Node_048,DENM,802,9.93,-77.2,63.71,9.29,0,Normal
2026-06-13 12:02:39.399,Node_021,Node_028,DENM,724,9.43,-72.9,54.62,7.9,0,Normal
2026-06-13 12:01:02.720,Node_017,Node_042,DENM,0,0.0,-73.4,0.0,0.0,1,Blackhole_Drop
2026-06-13 12:03:24.402,Node_036,Node_018,CAM,694,4.84,-56.9,26.87,5.5600000000000005,0,Normal
2026-06-13 12:03:11.958,Node_002,Node_032,BSM,945,5.94,-70.1,44.91,7.4,0,Normal
2026-06-13 12:01:06.415,Node_029,Node_015,BSM,791,11.75,-69.1,74.35,5.02,0,Normal
2026-06-13 12:03:06.784,Node_031,Node_037,CAM,311,8.43,-71.7,20.97,8.18,0,Normal
2026-06-13 12:00:55.707,Node_007,Node_036,CAM,373,4.08,-47.3,12.17,6.94,0,Normal
2026-06-13 12:00:55.738,Node_010,Node_026,BSM,831,10.38,-64.1,69.01,6.11,0,Normal
2026-06-13 12:02:04.131,Node_004,Node_050,UDP_STREAM,705,4.52,-72.5,25.49,4.38,0,Normal
2026-06-13 12:01:26.400,Node_003,Node_021,UDP_STREAM,1488,55.46,-68.7,660.2,217.17,1,DoS_Flooding
2026-06-13 12:04:03.135,Node_035,Node_032,CAM,520,11.59,-75.6,48.21,6.45,0,Normal
2026-06-13 12:03:59.666,Node_033,Node_036,CAM,1079,9.4,-55.7,81.14,6.58,0,Normal
2026-06-13 12:03:32.754,Node_045,Node_005,DENM,584,3.27,-84.5,15.28,6.13,0,Normal
2026-06-13 12:01:13.964,Node_011,Node_013,DENM,648,10.7,-80.5,55.47,5.8,0,Normal
2026-06-13 12:04:05.480,Node_011,Node_041,BSM,1022,7.25,-79.4,59.28,5.45,0,Normal
2026-06-13 12:03:31.302,Node_026,Node_001,UDP_STREAM,503,3.18,-45.2,12.8,9.29,0,Normal
2026-06-13 12:02:22.753,Node_034,Node_021,DENM,829,10.9,-62.4,72.29,10.05,0,Normal
2026-06-13 12:02:31.872,Node_034,Node_044,CAM,409,10.03,-46.9,32.82,6.75,0,Normal
2026-06-13 12:02:13.866,Node_031,Node_030,CAM,415,11.36,-47.9,37.72,5.529999999999999,0,Normal
2026-06-13 12:01:19.640,Node_011,Node_034,UDP_STREAM,932,10.29,-84.6,76.72,5.25,0,Normal
2026-06-13 12:01:26.928,Node_031,Node_005,BSM,1200,2.06,-56.9,19.78,6.12,0,Normal
2026-06-13 12:01:01.608,Node_035,Node_030,CAM,538,2.95,-60.0,12.7,9.93,0,Normal
2026-06-13 12:00:48.951,Node_023,Node_041,UDP_STREAM,1424,58.73,-71.2,669.05,277.88,1,DoS_Flooding
2026-06-13 12:03:35.866,Node_038,Node_047,BSM,513,5.67,-54.3,23.27,8.39,0,Normal
2026-06-13 12:04:28.620,Node_042,Node_043,UDP_STREAM,407,2.77,-78.9,9.02,8.35,0,Normal
2026-06-13 12:02:27.096,Node_012,Node_017,CAM,777,3.02,-53.1,18.77,7.45,0,Normal
2026-06-13 12:03:16.236,Node_022,Node_037,BSM,990,10.53,-60.8,83.4,5.1899999999999995,0,Normal
2026-06-13 12:03:58.158,Node_014,Node_011,DENM,0,0.0,-45.4,0.0,0.0,1,Blackhole_Drop
2026-06-13 12:01:25.493,Node_010,Node_011,DENM,686,10.75,-72.1,59.0,5.08,0,Normal
2026-06-13 12:00:41.860,Node_009,Node_033,CAM,1026,6.4,-58.4,52.53,5.57,0,Normal
2026-06-13 12:04:11.298,Node_049,Node_008,DENM,446,7.6,-69.9,27.12,6.88,0,Normal
2026-06-13 12:03:58.682,Node_023,Node_020,BSM,1058,7.22,-63.8,61.11,6.0,0,Normal
2026-06-13 12:01:56.672,Node_011,Node_041,CAM,1053,4.78,-79.3,40.27,6.87,0,Normal
2026-06-13 12:03:44.352,Node_032,Node_045,BSM,1007,4.51,-80.2,36.33,5.04,0,Normal
2026-06-13 12:03:00.675,Node_012,Node_002,CAM,1086,5.66,-66.4,49.17,5.57,0,Normal
2026-06-13 12:03:35.468,Node_014,Node_040,DENM,773,10.76,-48.2,66.54,7.38,0,Normal
2026-06-13 12:03:11.835,Node_012,Node_048,CAM,210,3.96,-70.6,6.65,12.28,0,Normal
2026-06-13 12:02:42.692,Node_022,Node_007,DENM,1132,5.69,-74.8,51.53,8.86,0,Normal
2026-06-13 12:02:24.491,Node_003,Node_042,CAM,481,8.42,-69.1,32.4,4.779999999999999,0,Normal
2026-06-13 12:02:15.420,Node_018,Node_041,CAM,258,11.71,-52.1,24.17,6.12,0,Normal
2026-06-13 12:03:58.030,Node_039,Node_041,CAM,665,6.9,-66.1,36.71,5.720000000000001,0,Normal
2026-06-13 12:04:32.968,Node_007,Node_003,CAM,578,2.29,-49.2,10.59,6.44,0,Normal
2026-06-13 12:01:40.815,Node_009,Node_006,DENM,629,10.34,-80.2,52.03,6.87,0,Normal
2026-06-13 12:00:45.850,Node_021,Node_007,TCP_ACK,64,10.58,-73.9,5.42,5.79,0,Normal
2026-06-13 12:00:25.690,Node_022,Node_044,CAM,1068,11.0,-49.1,93.98,8.08,0,Normal
2026-06-13 12:03:09.108,Node_034,Node_001,DENM,1163,8.64,-68.3,80.39,8.440000000000001,0,Normal
2026-06-13 12:00:45.925,Node_005,Node_013,CAM,1044,9.61,-79.1,80.26,8.309999999999999,0,Normal
2026-06-13 12:01:39.252,Node_029,Node_003,CAM,482,8.09,-57.5,31.2,5.4,0,Normal
2026-06-13 12:00:18.390,Node_020,Node_018,DENM,774,5.51,-71.3,34.12,6.94,0,Normal
2026-06-13 12:00:58.880,Node_037,Node_030,BSM,290,3.16,-81.4,7.33,8.11,0,Normal
2026-06-13 12:01:44.937,Node_021,Node_038,TCP_ACK,64,8.27,-84.2,4.23,7.73,0,Normal
2026-06-13 12:00:22.104,Node_014,Node_041,DENM,583,6.6,-49.9,30.78,7.6,0,Normal
2026-06-13 12:02:42.184,Node_044,Node_042,CAM,1165,11.01,-77.4,102.61,8.9,0,Normal
2026-06-13 12:01:19.292,Node_020,Node_004,CAM,588,9.06,-77.9,42.62,5.9,0,Normal
2026-06-13 12:02:46.050,Node_027,Node_015,BSM,1055,3.88,-49.7,32.75,4.66,0,Normal
2026-06-13 12:02:36.910,Node_017,Node_045,TCP_ACK,64,6.4,-81.3,3.28,6.1,0,Normal
2026-06-13 12:03:10.241,Node_023,Node_050,UDP_STREAM,857,7.23,-51.8,49.57,6.17,0,Normal
2026-06-13 12:01:37.944,Node_003,Node_038,CAM,594,3.56,-62.3,16.92,11.64,0,Normal
2026-06-13 12:03:43.729,Node_023,Node_042,DENM,1030,8.82,-73.5,72.68,5.7,0,Normal
2026-06-13 12:04:15.300,Node_036,Node_048,CAM,1013,4.69,-64.5,38.01,8.39,0,Normal
2026-06-13 12:02:00.315,Node_030,Node_017,CAM,232,11.22,-64.3,20.82,10.88,0,Normal
2026-06-13 12:04:02.612,Node_009,Node_030,BSM,800,5.23,-62.4,33.47,10.1,0,Normal
2026-06-13 12:00:33.354,Node_021,Node_045,UDP_STREAM,1453,68.77,-50.2,799.38,164.12,1,DoS_Flooding
2026-06-13 12:01:04.890,Node_012,Node_023,CAM,513,3.63,-63.1,14.9,7.76,0,Normal
2026-06-13 12:03:46.310,Node_040,Node_030,TCP_ACK,64,7.94,-57.2,4.07,6.81,0,Normal
2026-06-13 12:04:03.136,Node_016,Node_017,DENM,940,5.73,-71.5,43.09,5.52,0,Normal
2026-06-13 12:02:39.702,Node_003,Node_015,BSM,0,0.0,-47.9,0.0,0.0,1,Blackhole_Drop
2026-06-13 12:03:41.102,Node_050,Node_018,DENM,1176,7.77,-61.3,73.1,7.36,0,Normal
2026-06-13 12:01:36.668,Node_020,Node_039,DENM,1188,8.98,-64.0,85.35,5.4,0,Normal
2026-06-13 12:01:23.700,Node_009,Node_043,CAM,0,0.0,-82.8,0.0,0.0,1,Blackhole_Drop
2026-06-13 12:01:25.606,Node_023,Node_030,BSM,605,3.65,-85.0,17.67,6.28,0,Normal
2026-06-13 12:01:40.548,Node_020,Node_006,BSM,0,0.0,-76.9,0.0,0.0,1,Blackhole_Drop
2026-06-13 12:02:14.136,Node_010,Node_044,CAM,768,10.46,-70.0,64.27,5.15,0,Normal
2026-06-13 12:03:02.672,Node_007,Node_031,BSM,763,8.87,-57.0,54.14,4.279999999999999,0,Normal
2026-06-13 12:03:17.690,Node_030,Node_046,UDP_STREAM,448,9.63,-81.2,34.51,5.15,0,Normal
2026-06-13 12:01:22.104,Node_026,Node_050,CAM,534,10.98,-52.2,46.91,6.78,0,Normal
2026-06-13 12:03:40.306,Node_039,Node_026,UDP_STREAM,746,2.72,-65.5,16.23,5.34,0,Normal
2026-06-13 12:00:29.888,Node_015,Node_039,CAM,382,9.68,-70.2,29.58,6.24,0,Normal
2026-06-13 12:00:18.690,Node_040,Node_039,DENM,969,5.98,-81.9,46.36,5.859999999999999,0,Normal
2026-06-13 12:04:16.190,Node_013,Node_003,CAM,416,5.02,-81.3,16.71,4.41,0,Normal
2026-06-13 12:01:44.776,Node_028,Node_010,DENM,491,5.11,-58.0,20.07,5.65,0,Normal
2026-06-13 12:02:22.272,Node_027,Node_012,CAM,0,0.0,-64.3,0.0,0.0,1,Blackhole_Drop
2026-06-13 12:00:58.063,Node_023,Node_044,CAM,950,3.01,-50.5,22.88,7.98,0,Normal
2026-06-13 12:00:24.362,Node_011,Node_021,BSM,331,7.75,-69.6,20.52,10.15,0,Normal
2026-06-13 12:04:11.250,Node_042,Node_043,CAM,611,6.22,-82.8,30.4,5.55,0,Normal
2026-06-13 12:01:13.164,Node_039,Node_029,TCP_ACK,64,7.02,-53.8,3.59,6.72,0,Normal
2026-06-13 12:04:34.042,Node_024,Node_008,UDP_STREAM,1004,3.79,-68.0,30.44,7.22,0,Normal
2026-06-13 12:00:56.340,Node_010,Node_001,CAM,545,11.48,-56.7,50.05,11.33,0,Normal
2026-06-13 12:04:24.939,Node_040,Node_047,DENM,1093,6.55,-83.1,57.27,5.8100000000000005,0,Normal
2026-06-13 12:01:17.080,Node_032,Node_030,DENM,575,2.5,-61.0,11.5,5.49,0,Normal
2026-06-13 12:03:41.958,Node_022,Node_044,CAM,503,9.67,-84.1,38.91,6.02,0,Normal
2026-06-13 12:02:39.970,Node_023,Node_027,UDP_STREAM,1414,62.86,-73.1,711.07,93.6,1,DoS_Flooding
2026-06-13 12:03:29.013,Node_016,Node_012,CAM,286,7.35,-80.0,16.82,7.49,0,Normal
2026-06-13 12:04:16.224,Node_028,Node_018,DENM,553,11.72,-57.4,51.85,8.04,0,Normal
2026-06-13 12:04:31.440,Node_037,Node_030,DENM,241,2.77,-70.1,5.34,6.84,0,Normal
2026-06-13 12:01:06.010,Node_025,Node_033,CAM,942,2.79,-47.9,21.03,6.74,0,Normal
2026-06-13 12:03:42.666,Node_026,Node_002,CAM,388,11.5,-74.7,35.7,8.8,0,Normal
2026-06-13 12:00:56.640,Node_028,Node_008,DENM,1012,3.92,-74.6,31.74,6.22,0,Normal
2026-06-13 12:04:26.349,Node_035,Node_016,CAM,910,9.99,-70.0,72.73,7.7,0,Normal
2026-06-13 12:03:48.690,Node_018,Node_048,CAM,905,9.78,-73.9,70.81,6.19,0,Normal
2026-06-13 12:03:31.792,Node_012,Node_044,UDP_STREAM,1453,77.86,-68.7,905.04,149.57,1,DoS_Flooding
2026-06-13 12:04:02.176,Node_039,Node_041,CAM,525,2.97,-76.0,12.47,8.43,0,Normal
2026-06-13 12:02:04.938,Node_005,Node_040,CAM,494,9.28,-60.6,36.67,6.93,0,Normal
2026-06-13 12:03:41.598,Node_041,Node_039,DENM,536,7.41,-66.0,31.77,8.219999999999999,0,Normal
2026-06-13 12:03:03.815,Node_022,Node_021,BSM,554,10.23,-78.9,45.34,7.1,0,Normal
2026-06-13 12:04:19.752,Node_014,Node_035,CAM,914,3.7,-69.4,27.05,7.3,0,Normal
2026-06-13 12:00:56.910,Node_041,Node_032,CAM,774,11.85,-81.7,73.38,5.51,0,Normal
2026-06-13 12:04:35.210,Node_024,Node_020,DENM,498,9.51,-66.9,37.89,11.88,0,Normal
2026-06-13 12:01:33.051,Node_040,Node_038,UDP_STREAM,370,8.24,-62.4,24.39,7.26,0,Normal
2026-06-13 12:00:28.500,Node_049,Node_019,BSM,769,9.44,-45.4,58.07,8.780000000000001,0,Normal
2026-06-13 12:04:39.447,Node_009,Node_025,UDP_STREAM,821,11.49,-80.1,75.47,6.37,0,Normal
2026-06-13 12:02:01.728,Node_008,Node_037,CAM,496,3.79,-78.6,15.04,5.75,0,Normal
2026-06-13 12:03:33.136,Node_036,Node_027,CAM,560,9.51,-68.3,42.6,7.77,0,Normal
2026-06-13 12:02:53.264,Node_050,Node_024,DENM,845,3.06,-49.6,20.69,5.07,0,Normal
2026-06-13 12:02:53.355,Node_033,Node_035,CAM,745,5.92,-50.6,35.28,9.09,0,Normal
2026-06-13 12:04:03.968,Node_019,Node_029,DENM,360,11.24,-77.9,32.37,6.18,0,Normal
2026-06-13 12:04:38.422,Node_022,Node_049,CAM,0,0.0,-57.7,0.0,0.0,1,Blackhole_Drop
2026-06-13 12:03:43.236,Node_027,Node_013,DENM,851,2.29,-76.0,15.59,6.94,0,Normal
2026-06-13 12:04:23.442,Node_006,Node_039,CAM,784,9.32,-47.2,58.46,8.440000000000001,0,Normal
2026-06-13 12:02:19.430,Node_011,Node_037,BSM,840,6.72,-81.4,45.16,8.559999999999999,0,Normal
2026-06-13 12:03:28.299,Node_036,Node_033,BSM,1084,3.93,-48.5,34.08,6.78,0,Normal
2026-06-13 12:02:15.752,Node_012,Node_031,BSM,1159,9.13,-77.0,84.65,4.84,0,Normal
2026-06-13 12:00:49.738,Node_002,Node_014,UDP_STREAM,791,6.61,-75.2,41.83,9.57,0,Normal
2026-06-13 12:02:15.894,Node_012,Node_030,DENM,712,8.41,-52.9,47.9,4.99,0,Normal
2026-06-13 12:01:35.750,Node_016,Node_030,UDP_STREAM,1486,65.32,-84.7,776.52,207.15,1,DoS_Flooding
2026-06-13 12:04:09.080,Node_025,Node_005,DENM,1001,6.17,-74.6,49.41,8.82,0,Normal
2026-06-13 12:01:16.680,Node_046,Node_050,UDP_STREAM,1461,86.39,-63.6,1009.73,99.05,1,DoS_Flooding
2026-06-13 12:03:32.898,Node_047,Node_050,CAM,240,5.63,-56.3,10.81,5.75,0,Normal
2026-06-13 12:03:54.118,Node_028,Node_008,DENM,306,3.46,-74.5,8.47,6.81,0,Normal
2026-06-13 12:01:12.960,Node_047,Node_011,CAM,575,6.13,-71.4,28.2,5.84,0,Normal
2026-06-13 12:04:15.493,Node_014,Node_017,CAM,299,5.3,-57.3,12.68,5.8,0,Normal
2026-06-13 12:04:19.470,Node_049,Node_016,CAM,975,4.6,-73.2,35.88,6.88,0,Normal
2026-06-13 12:04:00.375,Node_045,Node_017,DENM,781,4.75,-83.6,29.68,4.12,0,Normal
2026-06-13 12:04:35.132,Node_019,Node_002,CAM,426,10.8,-62.5,36.81,6.22,0,Normal
2026-06-13 12:02:49.400,Node_046,Node_011,DENM,781,8.34,-66.0,52.11,6.74,0,Normal
2026-06-13 12:02:43.710,Node_010,Node_048,CAM,1024,8.95,-79.1,73.32,6.66,0,Normal
2026-06-13 12:03:28.116,Node_017,Node_041,DENM,433,2.28,-76.5,7.9,5.6,0,Normal
2026-06-13 12:00:25.064,Node_017,Node_024,TCP_ACK,64,9.21,-55.2,4.72,7.28,0,Normal
2026-06-13 12:03:37.977,Node_031,Node_040,CAM,1121,3.7,-71.2,33.18,6.58,0,Normal
2026-06-13 12:04:26.340,Node_021,Node_034,CAM,583,5.78,-48.0,26.96,10.42,0,Normal
2026-06-13 12:04:38.064,Node_031,Node_012,CAM,695,10.97,-84.4,60.99,7.36,0,Normal
2026-06-13 12:03:07.404,Node_015,Node_020,UDP_STREAM,411,4.24,-73.9,13.94,5.87,0,Normal
2026-06-13 12:01:17.320,Node_042,Node_013,CAM,565,6.99,-62.2,31.59,7.73,0,Normal
2026-06-13 12:00:25.142,Node_048,Node_034,CAM,1119,4.28,-76.9,38.31,4.74,0,Normal
2026-06-13 12:03:36.720,Node_041,Node_007,CAM,1174,5.3,-82.3,49.78,6.65,0,Normal
2026-06-13 12:04:42.656,Node_048,Node_035,UDP_STREAM,1093,2.79,-53.1,24.4,6.93,0,Normal
2026-06-13 12:04:36.991,Node_016,Node_017,CAM,1016,9.39,-57.4,76.32,6.66,0,Normal
2026-06-13 12:02:19.536,Node_015,Node_045,CAM,934,6.56,-83.4,49.02,5.54,0,Normal
2026-06-13 12:02:37.059,Node_006,Node_048,CAM,394,9.33,-48.3,29.41,6.62,0,Normal
2026-06-13 12:01:23.420,Node_034,Node_020,BSM,262,4.08,-75.2,8.55,5.21,0,Normal
2026-06-13 12:04:16.212,Node_030,Node_007,DENM,749,10.82,-83.0,64.83,9.620000000000001,0,Normal
2026-06-13 12:00:54.376,Node_013,Node_031,DENM,0,0.0,-66.0,0.0,0.0,1,Blackhole_Drop
2026-06-13 12:02:06.295,Node_039,Node_032,BSM,507,7.69,-61.7,31.19,7.22,0,Normal
2026-06-13 12:01:13.872,Node_047,Node_029,CAM,996,8.43,-61.4,67.17,4.95,0,Normal
2026-06-13 12:04:05.070,Node_001,Node_017,CAM,972,6.07,-74.2,47.2,5.779999999999999,0,Normal
2026-06-13 12:03:02.924,Node_033,Node_031,CAM,726,4.84,-59.2,28.11,7.4,0,Normal
2026-06-13 12:04:44.262,Node_016,Node_022,DENM,481,8.78,-64.9,33.79,8.120000000000001,0,Normal
2026-06-13 12:01:14.024,Node_049,Node_012,DENM,699,2.07,-49.3,11.58,5.42,0,Normal
2026-06-13 12:04:25.064,Node_011,Node_012,BSM,0,0.0,-58.1,0.0,0.0,1,Blackhole_Drop
2026-06-13 12:03:59.850,Node_022,Node_041,UDP_STREAM,903,7.39,-77.7,53.39,7.21,0,Normal
2026-06-13 12:02:14.619,Node_014,Node_020,TCP_ACK,64,7.02,-72.2,3.59,6.04,0,Normal
2026-06-13 12:01:10.272,Node_044,Node_020,CAM,1149,8.1,-62.2,74.46,4.83,0,Normal
2026-06-13 12:01:37.650,Node_013,Node_050,UDP_STREAM,605,9.86,-50.9,47.72,4.6899999999999995,0,Normal
2026-06-13 12:01:37.700,Node_021,Node_034,CAM,685,8.53,-53.5,46.74,5.75,0,Normal
2026-06-13 12:02:32.490,Node_015,Node_017,BSM,683,11.34,-51.6,61.96,8.190000000000001,0,Normal
2026-06-13 12:02:52.128,Node_022,Node_047,DENM,562,10.29,-72.4,46.26,8.43,0,Normal
2026-06-13 12:03:35.270,Node_049,Node_027,TCP_ACK,64,34.69,-103.9,1.05,1.28,1,Sybil_Spoofing
2026-06-13 12:04:06.708,Node_050,Node_018,TCP_ACK,64,2.19,-56.8,1.12,6.7,0,Normal
2026-06-13 12:02:26.925,Node_019,Node_024,CAM,224,5.22,-53.4,9.35,6.02,0,Normal
2026-06-13 12:01:59.560,Node_014,Node_040,DENM,715,35.84,-107.6,36.61,2.88,1,Sybil_Spoofing
2026-06-13 12:04:14.930,Node_003,Node_050,DENM,875,5.9,-46.6,41.3,8.24,0,Normal
2026-06-13 12:02:23.226,Node_018,Node_039,UDP_STREAM,800,5.75,-80.9,36.8,7.05,0,Normal
2026-06-13 12:02:37.040,Node_035,Node_024,CAM,648,11.24,-80.6,58.27,5.5,0,Normal
2026-06-13 12:00:54.992,Node_021,Node_050,CAM,950,6.14,-78.9,46.66,8.76,0,Normal
2026-06-13 12:02:48.990,Node_037,Node_013,DENM,775,2.88,-75.2,17.86,5.16,0,Normal
2026-06-13 12:02:29.416,Node_036,Node_034,DENM,1036,4.91,-84.1,40.69,8.309999999999999,0,Normal
2026-06-13 12:00:53.109,Node_045,Node_046,DENM,956,5.14,-50.9,39.31,4.67,0,Normal
2026-06-13 12:04:04.032,Node_048,Node_014,CAM,388,5.21,-75.9,16.17,11.69,0,Normal
2026-06-13 12:01:58.140,Node_044,Node_046,UDP_STREAM,1415,77.11,-55.1,872.89,185.42,1,DoS_Flooding
2026-06-13 12:04:23.980,Node_004,Node_034,UDP_STREAM,1455,94.78,-64.5,1103.24,310.55,1,DoS_Flooding
2026-06-13 12:03:03.303,Node_035,Node_032,DENM,489,7.75,-59.6,30.32,5.720000000000001,0,Normal
2026-06-13 12:01:05.076,Node_036,Node_050,CAM,315,7.32,-53.1,18.45,7.39,0,Normal
2026-06-13 12:01:03.136,Node_037,Node_030,BSM,824,37.27,-99.7,56.03,1.93,1,Sybil_Spoofing
2026-06-13 12:01:34.752,Node_042,Node_022,BSM,274,3.82,-62.0,8.37,6.14,0,Normal
2026-06-13 12:03:57.000,Node_002,Node_026,CAM,788,4.94,-60.1,31.14,11.32,0,Normal
2026-06-13 12:00:23.712,Node_015,Node_021,CAM,637,3.5,-50.8,17.84,9.71,0,Normal
2026-06-13 12:03:03.861,Node_035,Node_030,DENM,869,8.65,-54.2,60.13,4.88,0,Normal
2026-06-13 12:03:17.800,Node_046,Node_037,CAM,356,3.89,-79.1,11.08,6.48,0,Normal
2026-06-13 12:01:09.265,Node_002,Node_035,CAM,816,11.44,-83.4,74.68,6.19,0,Normal
2026-06-13 12:03:16.020,Node_005,Node_021,BSM,1091,5.15,-75.8,44.95,6.57,0,Normal
2026-06-13 12:02:52.347,Node_011,Node_028,UDP_STREAM,477,4.33,-48.2,16.52,6.02,0,Normal
2026-06-13 12:00:31.712,Node_009,Node_029,CAM,326,10.34,-70.0,26.97,5.43,0,Normal
2026-06-13 12:02:04.929,Node_025,Node_004,BSM,657,6.39,-77.1,33.59,6.4,0,Normal
2026-06-13 12:01:21.344,Node_006,Node_012,DENM,718,11.13,-56.0,63.93,7.33,0,Normal
2026-06-13 12:02:05.055,Node_008,Node_032,TCP_ACK,64,9.41,-70.7,4.82,4.109999999999999,0,Normal
2026-06-13 12:03:50.376,Node_013,Node_014,CAM,292,10.0,-70.6,23.36,7.93,0,Normal
2026-06-13 12:01:15.506,Node_030,Node_002,DENM,207,5.8,-68.2,9.6,6.74,0,Normal
2026-06-13 12:01:09.580,Node_023,Node_024,TCP_ACK,64,11.46,-51.5,5.87,9.15,0,Normal
2026-06-13 12:02:51.054,Node_015,Node_045,UDP_STREAM,286,8.5,-52.6,19.45,5.93,0,Normal
2026-06-13 12:00:27.860,Node_018,Node_047,DENM,862,10.97,-83.2,75.65,5.77,0,Normal
2026-06-13 12:01:49.505,Node_037,Node_001,CAM,331,7.19,-79.4,19.04,5.54,0,Normal
2026-06-13 12:00:37.848,Node_004,Node_039,CAM,1021,4.1,-55.4,33.49,7.24,0,Normal
2026-06-13 12:03:51.188,Node_011,Node_027,DENM,376,3.75,-64.3,11.28,4.58,0,Normal
2026-06-13 12:01:51.664,Node_024,Node_008,DENM,1005,3.62,-65.1,29.1,5.609999999999999,0,Normal
2026-06-13 12:03:29.475,Node_017,Node_040,UDP_STREAM,1460,46.71,-84.0,545.57,289.93,1,DoS_Flooding
2026-06-13 12:03:47.544,Node_003,Node_035,CAM,586,9.63,-56.1,45.15,4.87,0,Normal
2026-06-13 12:01:09.895,Node_001,Node_023,CAM,1118,31.97,-95.5,37.83,1.83,1,Sybil_Spoofing
2026-06-13 12:04:53.706,Node_029,Node_009,DENM,1077,8.03,-59.5,69.19,8.690000000000001,0,Normal
2026-06-13 12:04:19.870,Node_017,Node_009,BSM,530,8.56,-70.4,36.29,8.39,0,Normal
2026-06-13 12:01:08.000,Node_031,Node_032,UDP_STREAM,966,10.31,-62.2,79.68,6.34,0,Normal
2026-06-13 12:04:42.141,Node_009,Node_010,DENM,430,8.59,-55.3,29.55,8.05,0,Normal
2026-06-13 12:02:44.164,Node_040,Node_007,BSM,455,4.26,-77.6,15.51,7.18,0,Normal
2026-06-13 12:03:08.282,Node_046,Node_030,UDP_STREAM,884,7.91,-64.3,55.94,6.76,0,Normal
2026-06-13 12:02:36.312,Node_049,Node_009,BSM,535,6.22,-58.6,26.62,7.45,0,Normal
2026-06-13 12:00:36.090,Node_048,Node_025,CAM,847,2.48,-77.1,16.8,6.02,0,Normal
2026-06-13 12:01:32.276,Node_041,Node_003,CAM,1055,9.95,-78.5,83.98,6.12,0,Normal
2026-06-13 12:04:26.931,Node_031,Node_023,CAM,392,8.29,-52.3,26.0,7.13,0,Normal
2026-06-13 12:04:11.000,Node_014,Node_030,CAM,836,4.63,-67.4,30.97,6.48,0,Normal
2026-06-13 12:04:43.269,Node_022,Node_012,BSM,461,5.41,-50.1,19.95,8.33,0,Normal
2026-06-13 12:04:13.260,Node_043,Node_007,CAM,884,10.56,-54.5,74.68,7.68,0,Normal
2026-06-13 12:03:27.133,Node_028,Node_042,CAM,226,11.65,-80.0,21.06,7.67,0,Normal
2026-06-13 12:04:15.524,Node_008,Node_036,DENM,929,4.96,-50.1,36.86,7.3,0,Normal
2026-06-13 12:04:03.573,Node_036,Node_006,CAM,1189,10.67,-64.8,101.49,6.74,0,Normal
2026-06-13 12:04:41.960,Node_013,Node_010,BSM,1060,8.81,-54.0,74.71,7.63,0,Normal
2026-06-13 12:03:21.500,Node_034,Node_039,UDP_STREAM,998,3.52,-50.6,28.1,8.15,0,Normal
2026-06-13 12:04:54.336,Node_024,Node_035,CAM,435,8.94,-45.1,31.11,7.03,0,Normal
2026-06-13 12:01:40.850,Node_007,Node_044,BSM,369,8.35,-50.6,24.65,5.5,0,Normal
2026-06-13 12:01:36.864,Node_035,Node_040,DENM,634,10.58,-73.9,53.66,6.51,0,Normal
2026-06-13 12:03:46.128,Node_019,Node_025,CAM,1122,7.22,-68.1,64.81,4.890000000000001,0,Normal
2026-06-13 12:03:05.840,Node_009,Node_047,DENM,1160,5.0,-82.0,46.4,8.6,0,Normal
2026-06-13 12:02:59.869,Node_014,Node_047,CAM,827,7.94,-82.3,52.53,7.64,0,Normal
2026-06-13 12:01:30.990,Node_010,Node_031,DENM,1042,3.6,-46.1,30.01,5.49,0,Normal
2026-06-13 12:02:25.656,Node_026,Node_011,BSM,861,6.19,-61.3,42.64,5.7,0,Normal
2026-06-13 12:03:20.376,Node_005,Node_015,UDP_STREAM,1186,11.49,-79.4,109.02,8.7,0,Normal
2026-06-13 12:01:37.200,Node_014,Node_029,TCP_ACK,64,3.42,-74.0,1.75,5.640000000000001,0,Normal
2026-06-13 12:01:21.040,Node_034,Node_020,TCP_ACK,64,7.24,-54.1,3.71,4.85,0,Normal
2026-06-13 12:02:19.863,Node_043,Node_029,CAM,505,10.22,-63.3,41.29,5.17,0,Normal
2026-06-13 12:01:39.372,Node_005,Node_049,DENM,1132,9.2,-50.0,83.32,6.11,0,Normal
2026-06-13 12:00:40.580,Node_025,Node_017,CAM,315,8.27,-68.0,20.84,5.91,0,Normal
2026-06-13 12:04:32.020,Node_049,Node_019,TCP_ACK,64,4.25,-80.9,2.18,6.0,0,Normal
2026-06-13 12:03:27.162,Node_016,Node_043,TCP_ACK,64,6.95,-56.9,3.56,7.56,0,Normal
2026-06-13 12:00:48.768,Node_041,Node_007,TCP_ACK,64,10.65,-73.8,5.45,5.779999999999999,0,Normal
2026-06-13 12:02:42.640,Node_017,Node_041,BSM,720,5.29,-58.3,30.47,7.09,0,Normal
2026-06-13 12:03:25.434,Node_006,Node_001,UDP_STREAM,303,9.13,-65.6,22.13,5.1899999999999995,0,Normal
2026-06-13 12:02:14.310,Node_038,Node_028,DENM,881,4.66,-45.1,32.84,8.48,0,Normal
2026-06-13 12:04:32.824,Node_036,Node_039,BSM,1057,7.66,-60.7,64.77,5.27,0,Normal
2026-06-13 12:03:37.959,Node_003,Node_039,CAM,310,7.9,-53.3,19.59,6.52,0,Normal
2026-06-13 12:01:09.292,Node_008,Node_049,TCP_ACK,64,4.39,-61.8,2.25,6.31,0,Normal
2026-06-13 12:03:58.563,Node_026,Node_046,BSM,962,2.4,-59.1,18.47,6.96,0,Normal
2026-06-13 12:04:19.080,Node_037,Node_034,BSM,238,11.4,-52.5,21.71,7.73,0,Normal
2026-06-13 12:04:04.920,Node_043,Node_002,CAM,421,7.67,-84.0,25.83,5.9399999999999995,0,Normal
2026-06-13 12:01:11.470,Node_019,Node_027,BSM,1021,2.28,-66.7,18.62,7.78,0,Normal
2026-06-13 12:03:26.343,Node_044,Node_023,CAM,560,11.74,-75.1,52.6,8.33,0,Normal
2026-06-13 12:00:44.968,Node_021,Node_030,TCP_ACK,64,8.99,-59.6,4.6,6.22,0,Normal
2026-06-13 12:01:44.295,Node_014,Node_036,TCP_ACK,64,9.71,-63.1,4.97,9.71,0,Normal
2026-06-13 12:03:49.152,Node_049,Node_023,CAM,999,10.15,-51.2,81.12,6.96,0,Normal
2026-06-13 12:03:14.465,Node_023,Node_040,DENM,751,9.4,-51.6,56.48,6.05,0,Normal
2026-06-13 12:03:00.224,Node_007,Node_047,CAM,292,8.39,-72.5,19.6,6.61,0,Normal
2026-06-13 12:01:56.793,Node_049,Node_025,BSM,407,4.65,-56.7,15.14,9.71,0,Normal
2026-06-13 12:04:10.100,Node_024,Node_049,DENM,0,0.0,-72.1,0.0,0.0,1,Blackhole_Drop
2026-06-13 12:03:02.539,Node_033,Node_045,BSM,857,7.6,-54.7,52.11,7.02,0,Normal
2026-06-13 12:03:47.772,Node_040,Node_045,CAM,277,3.99,-81.4,8.84,7.17,0,Normal
2026-06-13 12:03:51.989,Node_017,Node_010,BSM,933,5.4,-70.8,40.31,7.94,0,Normal
2026-06-13 12:03:41.832,Node_007,Node_048,CAM,1034,10.76,-53.1,89.01,6.99,0,Normal
2026-06-13 12:01:03.705,Node_021,Node_015,CAM,653,10.26,-75.2,53.6,7.38,0,Normal
2026-06-13 12:02:44.480,Node_002,Node_032,DENM,429,10.33,-45.7,35.45,6.58,0,Normal
2026-06-13 12:02:17.819,Node_029,Node_042,BSM,1031,4.16,-84.5,34.31,6.74,0,Normal
2026-06-13 12:00:30.870,Node_040,Node_031,CAM,1058,6.39,-62.7,54.08,8.04,0,Normal
2026-06-13 12:02:01.481,Node_027,Node_012,CAM,1068,7.19,-69.0,61.43,5.6,0,Normal
2026-06-13 12:03:44.540,Node_048,Node_017,CAM,923,9.97,-70.4,73.62,6.51,0,Normal
2026-06-13 12:04:07.320,Node_024,Node_016,UDP_STREAM,527,7.4,-81.9,31.2,6.14,0,Normal
2026-06-13 12:03:09.704,Node_045,Node_016,CAM,1014,7.38,-79.8,59.87,4.970000000000001,0,Normal
2026-06-13 12:04:46.757,Node_046,Node_031,DENM,748,5.13,-52.7,30.7,5.08,0,Normal
2026-06-13 12:03:24.336,Node_046,Node_045,DENM,860,11.76,-52.2,80.91,6.5,0,Normal
2026-06-13 12:02:41.070,Node_037,Node_004,DENM,671,8.19,-65.1,43.96,8.14,0,Normal
2026-06-13 12:01:49.498,Node_002,Node_036,CAM,659,7.59,-82.7,40.01,6.78,0,Normal
2026-06-13 12:01:37.149,Node_005,Node_044,DENM,562,2.65,-56.2,11.91,5.79,0,Normal
2026-06-13 12:00:35.156,Node_046,Node_039,DENM,702,6.31,-54.4,35.44,8.82,0,Normal
2026-06-13 12:03:49.659,Node_014,Node_043,CAM,662,5.1,-57.1,27.01,6.0,0,Normal
2026-06-13 12:02:22.830,Node_037,Node_033,TCP_ACK,64,11.46,-79.2,5.87,5.32,0,Normal
2026-06-13 12:03:06.390,Node_001,Node_040,DENM,0,0.0,-70.7,0.0,0.0,1,Blackhole_Drop
2026-06-13 12:00:58.016,Node_040,Node_005,CAM,742,6.14,-78.6,36.45,6.6,0,Normal
2026-06-13 12:01:54.015,Node_012,Node_002,CAM,864,11.29,-55.9,78.04,9.35,0,Normal
2026-06-13 12:01:10.516,Node_026,Node_037,DENM,917,11.49,-69.5,84.29,6.48,0,Normal
2026-06-13 12:04:31.825,Node_009,Node_022,UDP_STREAM,387,2.96,-70.8,9.16,6.51,0,Normal
2026-06-13 12:02:33.624,Node_032,Node_006,CAM,388,4.61,-77.0,14.31,4.9399999999999995,0,Normal
2026-06-13 12:01:02.310,Node_022,Node_029,CAM,969,2.94,-74.7,22.79,5.96,0,Normal
2026-06-13 12:00:51.950,Node_036,Node_004,UDP_STREAM,899,5.73,-78.3,41.21,7.17,0,Normal
2026-06-13 12:05:01.455,Node_001,Node_021,CAM,593,5.06,-53.0,24.0,7.5,0,Normal
2026-06-13 12:03:38.400,Node_005,Node_012,CAM,393,8.36,-65.1,26.28,6.69,0,Normal
2026-06-13 12:03:23.938,Node_007,Node_044,UDP_STREAM,1134,3.55,-70.0,32.21,6.11,0,Normal
2026-06-13 12:04:14.004,Node_046,Node_050,DENM,381,7.07,-52.4,21.55,6.53,0,Normal
2026-06-13 12:00:39.577,Node_035,Node_008,CAM,0,0.0,-47.6,0.0,0.0,1,Blackhole_Drop
2026-06-13 12:01:56.704,Node_038,Node_034,CAM,371,11.0,-65.1,32.65,8.940000000000001,0,Normal
2026-06-13 12:03:20.160,Node_030,Node_043,CAM,761,10.32,-53.6,62.83,7.71,0,Normal
2026-06-13 12:00:54.236,Node_022,Node_016,CAM,574,3.41,-46.6,15.66,6.34,0,Normal
2026-06-13 12:03:55.831,Node_003,Node_023,TCP_ACK,64,2.59,-45.7,1.33,5.91,0,Normal
2026-06-13 12:01:13.080,Node_034,Node_006,CAM,879,8.55,-48.5,60.12,9.940000000000001,0,Normal
2026-06-13 12:05:04.994,Node_034,Node_026,DENM,975,7.46,-77.0,58.19,5.74,0,Normal
2026-06-13 12:04:19.160,Node_049,Node_013,TCP_ACK,64,4.93,-59.9,2.52,6.2,0,Normal
2026-06-13 12:03:41.646,Node_006,Node_032,UDP_STREAM,224,6.91,-72.1,12.38,9.04,0,Normal
2026-06-13 12:03:48.028,Node_020,Node_032,DENM,1005,9.71,-54.2,78.07,6.83,0,Normal
2026-06-13 12:05:03.485,Node_003,Node_013,UDP_STREAM,1169,2.89,-49.3,27.03,4.75,0,Normal
2026-06-13 12:05:09.912,Node_012,Node_042,UDP_STREAM,1438,64.25,-83.1,739.13,167.66,1,DoS_Flooding
2026-06-13 12:05:07.965,Node_004,Node_044,CAM,1094,6.34,-64.7,55.49,5.79,0,Normal
2026-06-13 12:04:53.440,Node_024,Node_044,CAM,915,2.45,-76.4,17.93,4.93,0,Normal
2026-06-13 12:01:59.529,Node_015,Node_046,TCP_ACK,64,5.2,-56.4,2.66,5.84,0,Normal
2026-06-13 12:00:27.274,Node_003,Node_025,CAM,410,11.0,-80.3,36.08,5.26,0,Normal
2026-06-13 12:02:29.029,Node_043,Node_022,CAM,381,11.87,-51.9,36.18,5.54,0,Normal
2026-06-13 12:03:55.200,Node_003,Node_010,CAM,345,7.99,-60.1,22.05,6.81,0,Normal
2026-06-13 12:04:07.918,Node_044,Node_037,CAM,927,10.64,-60.0,78.91,5.01,0,Normal
2026-06-13 12:02:46.058,Node_027,Node_045,DENM,210,6.16,-68.5,10.35,7.91,0,Normal
2026-06-13 12:02:01.974,Node_050,Node_032,UDP_STREAM,459,8.0,-59.9,29.38,6.09,0,Normal
2026-06-13 12:04:20.896,Node_009,Node_043,DENM,0,0.0,-59.5,0.0,0.0,1,Blackhole_Drop
2026-06-13 12:04:44.175,Node_005,Node_012,UDP_STREAM,749,5.27,-47.3,31.58,6.08,0,Normal
2026-06-13 12:03:53.766,Node_019,Node_035,CAM,0,0.0,-62.2,0.0,0.0,1,Blackhole_Drop
2026-06-13 12:01:24.280,Node_026,Node_013,CAM,1173,2.87,-51.1,26.93,5.26,0,Normal
2026-06-13 12:04:59.336,Node_003,Node_031,CAM,690,3.09,-75.9,17.06,5.99,0,Normal
2026-06-13 12:02:00.213,Node_006,Node_049,BSM,910,10.06,-75.3,73.24,6.89,0,Normal
2026-06-13 12:04:17.420,Node_048,Node_010,CAM,652,7.97,-83.4,41.57,7.18,0,Normal
2026-06-13 12:02:02.438,Node_050,Node_014,DENM,942,5.18,-62.2,39.04,5.890000000000001,0,Normal
2026-06-13 12:03:24.864,Node_017,Node_012,CAM,558,39.2,-104.3,29.55,2.01,1,Sybil_Spoofing
2026-06-13 12:02:21.571,Node_012,Node_041,TCP_ACK,64,3.94,-58.7,2.02,6.79,0,Normal
2026-06-13 12:04:17.908,Node_005,Node_016,CAM,816,7.29,-62.7,47.59,9.18,0,Normal
2026-06-13 12:03:12.465,Node_004,Node_008,UDP_STREAM,1492,53.5,-64.3,638.58,304.21,1,DoS_Flooding
2026-06-13 12:03:40.064,Node_003,Node_010,UDP_STREAM,1123,3.04,-75.7,27.31,5.7,0,Normal
2026-06-13 12:00:50.808,Node_025,Node_050,CAM,780,3.2,-76.0,19.97,5.43,0,Normal
2026-06-13 12:05:15.582,Node_005,Node_002,CAM,864,10.24,-65.9,70.78,7.93,0,Normal
2026-06-13 12:03:48.852,Node_019,Node_044,CAM,830,5.87,-48.6,38.98,4.29,0,Normal
2026-06-13 12:04:46.200,Node_040,Node_017,BSM,553,11.8,-59.5,52.2,5.84,0,Normal
2026-06-13 12:01:43.929,Node_030,Node_035,DENM,1100,5.6,-79.2,49.28,5.42,0,Normal
2026-06-13 12:01:54.588,Node_025,Node_017,BSM,1103,3.6,-55.4,31.77,7.68,0,Normal
2026-06-13 12:03:02.578,Node_010,Node_003,CAM,670,6.1,-49.8,32.7,8.620000000000001,0,Normal
2026-06-13 12:03:57.888,Node_009,Node_041,DENM,561,4.08,-68.8,18.31,6.19,0,Normal
2026-06-13 12:04:29.875,Node_047,Node_029,DENM,654,11.52,-66.5,60.27,5.59,0,Normal
2026-06-13 12:03:58.112,Node_009,Node_047,CAM,742,4.06,-76.3,24.1,6.3,0,Normal
2026-06-13 12:02:05.493,Node_047,Node_043,CAM,1002,8.19,-49.0,65.65,7.07,0,Normal
2026-06-13 12:04:02.592,Node_024,Node_042,CAM,0,0.0,-79.3,0.0,0.0,1,Blackhole_Drop
2026-06-13 12:04:26.125,Node_020,Node_050,CAM,1090,8.24,-83.0,71.85,6.3,0,Normal
2026-06-13 12:01:46.500,Node_043,Node_025,BSM,1159,7.18,-77.8,66.57,8.65,0,Normal
2026-06-13 12:02:12.122,Node_025,Node_037,CAM,883,3.72,-45.7,26.28,5.779999999999999,0,Normal
2026-06-13 12:01:44.468,Node_042,Node_026,BSM,788,9.82,-77.1,61.91,6.0,0,Normal
2026-06-13 12:04:35.157,Node_016,Node_048,UDP_STREAM,333,9.63,-65.5,25.65,6.06,0,Normal
2026-06-13 12:05:09.430,Node_048,Node_041,UDP_STREAM,1096,38.8,-109.7,20.6,2.74,1,Sybil_Spoofing
2026-06-13 12:03:20.690,Node_006,Node_021,TCP_ACK,64,11.32,-70.7,5.8,7.8,0,Normal
2026-06-13 12:02:16.704,Node_020,Node_005,CAM,571,8.23,-72.4,37.59,5.08,0,Normal
2026-06-13 12:04:24.988,Node_031,Node_022,BSM,920,3.75,-72.9,27.6,5.21,0,Normal
2026-06-13 12:01:46.900,Node_010,Node_011,CAM,625,3.18,-48.6,15.9,6.9,0,Normal
2026-06-13 12:04:38.070,Node_045,Node_018,TCP_ACK,64,8.9,-48.9,4.56,5.24,0,Normal
2026-06-13 12:01:40.580,Node_029,Node_007,CAM,973,2.39,-49.8,18.6,6.12,0,Normal
2026-06-13 12:04:42.612,Node_011,Node_050,CAM,220,7.86,-45.5,13.83,6.05,0,Normal
2026-06-13 12:04:21.324,Node_038,Node_037,CAM,386,6.47,-84.2,19.98,8.39,0,Normal
2026-06-13 12:03:30.014,Node_022,Node_006,BSM,1107,5.7,-77.9,50.48,9.41,0,Normal
2026-06-13 12:03:55.840,Node_010,Node_008,CAM,1157,9.91,-58.2,91.73,5.87,0,Normal
2026-06-13 12:03:17.340,Node_019,Node_046,DENM,1011,11.49,-81.7,92.93,7.26,0,Normal
2026-06-13 12:04:51.856,Node_002,Node_040,TCP_ACK,64,10.91,-68.3,5.59,6.06,0,Normal
2026-06-13 12:02:38.878,Node_013,Node_033,UDP_STREAM,1440,90.29,-48.8,1040.14,97.22,1,DoS_Flooding
2026-06-13 12:02:32.508,Node_045,Node_020,UDP_STREAM,1495,94.75,-67.7,1133.21,239.32,1,DoS_Flooding
2026-06-13 12:01:04.470,Node_022,Node_036,CAM,232,3.31,-45.9,6.14,8.32,0,Normal
2026-06-13 12:00:30.100,Node_020,Node_025,UDP_STREAM,1486,58.51,-69.8,695.57,173.16,1,DoS_Flooding
2026-06-13 12:03:41.553,Node_033,Node_028,CAM,616,9.07,-79.7,44.7,4.96,0,Normal
2026-06-13 12:02:43.552,Node_036,Node_013,CAM,700,4.82,-81.7,26.99,5.82,0,Normal
2026-06-13 12:01:06.743,Node_043,Node_021,UDP_STREAM,1082,7.09,-80.5,61.37,6.14,0,Normal
2026-06-13 12:01:19.698,Node_016,Node_005,CAM,381,5.73,-78.8,17.47,5.26,0,Normal
2026-06-13 12:01:08.960,Node_005,Node_001,CAM,940,2.13,-52.7,16.02,6.42,0,Normal
2026-06-13 12:01:00.368,Node_010,Node_038,UDP_STREAM,841,11.66,-46.2,78.45,7.47,0,Normal
2026-06-13 12:03:22.758,Node_043,Node_007,DENM,827,3.22,-56.8,21.3,5.52,0,Normal
2026-06-13 12:01:04.740,Node_012,Node_006,TCP_ACK,64,9.18,-81.3,4.7,9.120000000000001,0,Normal
2026-06-13 12:02:28.971,Node_014,Node_004,CAM,934,2.79,-72.2,20.85,11.25,0,Normal
2026-06-13 12:04:42.960,Node_013,Node_046,CAM,707,8.05,-77.6,45.53,6.16,0,Normal
2026-06-13 12:00:54.025,Node_029,Node_012,CAM,719,2.06,-78.0,11.85,7.36,0,Normal
2026-06-13 12:01:39.452,Node_035,Node_037,BSM,1196,3.89,-80.0,37.22,7.02,0,Normal
2026-06-13 12:02:05.454,Node_012,Node_021,BSM,974,11.92,-78.5,92.88,6.3,0,Normal
2026-06-13 12:03:03.940,Node_039,Node_027,DENM,718,8.41,-76.3,48.31,6.17,0,Normal
2026-06-13 12:03:32.170,Node_048,Node_016,CAM,743,2.07,-49.4,12.3,4.720000000000001,0,Normal
2026-06-13 12:02:57.612,Node_049,Node_011,BSM,266,2.62,-65.2,5.58,6.29,0,Normal
2026-06-13 12:00:54.175,Node_040,Node_049,CAM,1037,6.3,-58.0,52.26,7.68,0,Normal
2026-06-13 12:04:28.832,Node_001,Node_048,UDP_STREAM,890,2.88,-61.5,20.51,5.77,0,Normal
2026-06-13 12:03:41.238,Node_045,Node_044,CAM,820,8.78,-82.4,57.6,3.88,0,Normal
2026-06-13 12:03:17.470,Node_029,Node_023,UDP_STREAM,960,10.11,-70.2,77.64,9.059999999999999,0,Normal
2026-06-13 12:04:53.085,Node_021,Node_035,TCP_ACK,64,11.99,-77.4,6.14,7.05,0,Normal
2026-06-13 12:00:43.440,Node_045,Node_023,CAM,619,6.65,-66.5,32.93,8.33,0,Normal
2026-06-13 12:04:05.549,Node_030,Node_029,CAM,356,3.42,-55.0,9.74,6.2,0,Normal
2026-06-13 12:00:34.784,Node_009,Node_021,BSM,590,11.9,-59.7,56.17,6.7,0,Normal
2026-06-13 12:00:28.275,Node_028,Node_043,BSM,1127,3.73,-61.3,33.63,7.32,0,Normal
2026-06-13 12:01:13.984,Node_002,Node_026,TCP_ACK,64,6.72,-74.2,3.44,6.06,0,Normal
2026-06-13 12:04:58.249,Node_026,Node_011,CAM,510,10.3,-50.8,42.02,8.219999999999999,0,Normal
2026-06-13 12:02:06.324,Node_032,Node_039,DENM,941,6.99,-67.6,52.62,5.8,0,Normal
2026-06-13 12:04:51.986,Node_043,Node_004,BSM,561,11.61,-82.3,52.11,10.02,0,Normal
2026-06-13 12:04:47.760,Node_039,Node_019,CAM,344,4.35,-47.3,11.97,5.1899999999999995,0,Normal
2026-06-13 12:04:12.996,Node_032,Node_001,BSM,1179,5.08,-78.7,47.91,7.19,0,Normal
2026-06-13 12:04:19.658,Node_040,Node_008,DENM,813,3.29,-73.7,21.4,5.68,0,Normal
2026-06-13 12:01:31.686,Node_024,Node_037,BSM,1193,6.74,-84.3,64.33,5.390000000000001,0,Normal
2026-06-13 12:02:39.432,Node_014,Node_021,DENM,904,4.33,-50.1,31.31,5.4399999999999995,0,Normal
2026-06-13 12:04:46.235,Node_018,Node_036,TCP_ACK,64,5.41,-53.2,2.77,4.0600000000000005,0,Normal
2026-06-13 12:01:31.812,Node_021,Node_041,DENM,786,11.71,-75.8,73.63,5.3100000000000005,0,Normal
2026-06-13 12:02:33.090,Node_016,Node_032,DENM,776,6.7,-84.2,41.59,7.78,0,Normal
2026-06-13 12:01:14.392,Node_025,Node_049,CAM,351,8.24,-81.7,23.14,7.62,0,Normal
2026-06-13 12:02:50.742,Node_005,Node_029,TCP_ACK,64,5.9,-77.3,3.02,5.140000000000001,0,Normal
2026-06-13 12:01:40.740,Node_024,Node_050,UDP_STREAM,1445,86.24,-76.1,996.93,198.4,1,DoS_Flooding
2026-06-13 12:01:42.977,Node_018,Node_021,BSM,696,11.85,-60.8,65.98,5.609999999999999,0,Normal
2026-06-13 12:02:07.136,Node_039,Node_008,BSM,502,9.33,-55.6,37.47,4.5600000000000005,0,Normal
2026-06-13 12:05:04.827,Node_019,Node_016,BSM,1009,5.76,-57.0,46.49,7.81,0,Normal
2026-06-13 12:03:08.684,Node_017,Node_014,CAM,347,4.96,-83.8,13.77,8.059999999999999,0,Normal
2026-06-13 12:04:16.815,Node_006,Node_024,DENM,676,9.76,-45.3,52.78,5.8,0,Normal
2026-06-13 12:03:54.972,Node_036,Node_011,CAM,808,6.44,-72.4,41.63,8.36,0,Normal
2026-06-13 12:04:36.822,Node_018,Node_013,CAM,923,8.07,-73.6,59.59,6.37,0,Normal
2026-06-13 12:03:22.216,Node_002,Node_008,TCP_ACK,64,2.52,-71.9,1.29,6.61,0,Normal
2026-06-13 12:01:41.154,Node_021,Node_047,TCP_ACK,64,5.75,-84.0,2.94,6.29,0,Normal
2026-06-13 12:03:22.400,Node_026,Node_012,CAM,534,8.13,-54.6,34.73,5.12,0,Normal
2026-06-13 12:03:22.492,Node_037,Node_049,BSM,782,2.39,-64.5,14.95,6.16,0,Normal
2026-06-13 12:01:34.686,Node_032,Node_005,DENM,1149,2.68,-78.9,24.63,5.16,0,Normal
2026-06-13 12:02:34.210,Node_006,Node_049,CAM,568,11.72,-71.5,53.26,7.24,0,Normal
2026-06-13 12:00:59.508,Node_032,Node_026,CAM,758,2.62,-68.3,15.89,7.41,0,Normal
2026-06-13 12:01:48.045,Node_036,Node_006,TCP_ACK,0,0.0,-67.1,0.0,0.0,1,Blackhole_Drop
2026-06-13 12:02:47.656,Node_015,Node_016,BSM,257,28.38,-97.4,17.37,1.08,1,Sybil_Spoofing
2026-06-13 12:02:25.662,Node_049,Node_015,BSM,1172,3.53,-50.2,33.1,6.37,0,Normal
2026-06-13 12:03:23.136,Node_025,Node_049,UDP_STREAM,849,8.7,-84.2,59.09,4.7,0,Normal
2026-06-13 12:05:00.424,Node_002,Node_043,UDP_STREAM,1475,46.8,-63.0,552.24,138.93,1,DoS_Flooding
2026-06-13 12:04:58.350,Node_001,Node_023,BSM,918,2.81,-49.7,20.64,6.01,0,Normal
2026-06-13 12:01:54.972,Node_026,Node_014,DENM,355,7.36,-48.4,20.9,5.63,0,Normal
2026-06-13 12:03:01.384,Node_018,Node_036,DENM,583,7.11,-78.6,33.16,5.17,0,Normal
2026-06-13 12:02:45.975,Node_022,Node_013,CAM,534,10.98,-69.3,46.91,6.97,0,Normal
2026-06-13 12:04:36.750,Node_002,Node_029,BSM,817,11.68,-58.1,76.34,6.59,0,Normal
2026-06-13 12:02:17.330,Node_012,Node_008,DENM,242,5.87,-80.7,11.36,6.65,0,Normal
2026-06-13 12:02:17.392,Node_013,Node_049,CAM,783,9.36,-73.1,58.63,8.26,0,Normal
2026-06-13 12:02:21.888,Node_038,Node_020,BSM,569,6.64,-59.1,30.23,9.05,0,Normal
2026-06-13 12:02:44.132,Node_014,Node_033,DENM,224,5.1,-76.3,9.14,4.42,0,Normal
2026-06-13 12:03:30.805,Node_014,Node_032,DENM,1169,9.2,-56.2,86.04,6.99,0,Normal
2026-06-13 12:04:04.200,Node_039,Node_049,CAM,369,11.21,-65.8,33.09,5.83,0,Normal
2026-06-13 12:02:42.133,Node_005,Node_040,CAM,309,10.84,-50.9,26.8,7.22,0,Normal
2026-06-13 12:00:26.664,Node_018,Node_001,DENM,510,6.45,-55.9,26.32,5.57,0,Normal
2026-06-13 12:01:15.582,Node_004,Node_024,CAM,420,8.46,-46.2,28.43,10.0,0,Normal
2026-06-13 12:03:53.520,Node_005,Node_018,UDP_STREAM,1415,60.1,-73.1,680.33,146.74,1,DoS_Flooding
2026-06-13 12:02:17.950,Node_008,Node_041,UDP_STREAM,962,11.52,-53.3,88.66,6.23,0,Normal
2026-06-13 12:04:51.606,Node_012,Node_001,DENM,315,2.86,-75.6,7.21,8.39,0,Normal
2026-06-13 12:02:55.933,Node_018,Node_002,CAM,919,7.63,-82.5,56.1,5.46,0,Normal
2026-06-13 12:02:24.820,Node_005,Node_026,DENM,894,5.77,-83.5,41.27,7.36,0,Normal
2026-06-13 12:04:47.541,Node_027,Node_012,CAM,1196,2.13,-49.1,20.38,6.18,0,Normal
2026-06-13 12:03:00.630,Node_046,Node_019,UDP_STREAM,1434,93.16,-52.9,1068.73,129.2,1,DoS_Flooding
2026-06-13 12:04:36.644,Node_001,Node_042,CAM,245,10.74,-51.6,21.05,9.469999999999999,0,Normal
2026-06-13 12:05:01.320,Node_015,Node_046,UDP_STREAM,1068,37.31,-104.5,80.57,2.09,1,Sybil_Spoofing
2026-06-13 12:03:54.465,Node_043,Node_024,CAM,943,7.51,-79.2,56.66,7.02,0,Normal
2026-06-13 12:03:38.932,Node_027,Node_012,DENM,794,6.02,-66.3,38.24,5.57,0,Normal
2026-06-13 12:03:07.740,Node_010,Node_044,CAM,969,10.89,-58.0,84.42,6.31,0,Normal
2026-06-13 12:04:28.320,Node_006,Node_039,TCP_ACK,64,4.53,-79.5,2.32,5.62,0,Normal
2026-06-13 12:04:48.573,Node_029,Node_049,UDP_STREAM,1464,90.91,-78.4,1064.74,315.94,1,DoS_Flooding
2026-06-13 12:01:45.186,Node_039,Node_022,BSM,753,8.33,-55.2,50.18,6.64,0,Normal
2026-06-13 12:01:40.755,Node_014,Node_045,CAM,0,0.0,-68.2,0.0,0.0,1,Blackhole_Drop
2026-06-13 12:05:09.120,Node_035,Node_003,CAM,732,3.04,-84.8,17.8,8.379999999999999,0,Normal
2026-06-13 12:01:56.532,Node_048,Node_015,CAM,0,0.0,-71.6,0.0,0.0,1,Blackhole_Drop
2026-06-13 12:03:55.410,Node_036,Node_026,DENM,735,8.57,-69.3,50.39,6.4,0,Normal
2026-06-13 12:04:15.702,Node_045,Node_049,DENM,308,4.26,-59.2,10.5,5.8,0,Normal
2026-06-13 12:02:10.152,Node_046,Node_001,DENM,0,0.0,-64.8,0.0,0.0,1,Blackhole_Drop
2026-06-13 12:01:43.270,Node_005,Node_045,CAM,1172,5.07,-54.8,47.54,5.2,0,Normal
2026-06-13 12:02:21.498,Node_035,Node_041,UDP_STREAM,1437,51.05,-77.4,586.87,128.64,1,DoS_Flooding
2026-06-13 12:01:02.916,Node_005,Node_017,UDP_STREAM,663,11.51,-68.1,61.05,6.06,0,Normal
2026-06-13 12:04:14.024,Node_001,Node_045,UDP_STREAM,811,5.0,-69.5,32.44,6.88,0,Normal
2026-06-13 12:04:27.631,Node_040,Node_038,UDP_STREAM,1462,93.85,-60.4,1097.67,202.5,1,DoS_Flooding
2026-06-13 12:03:42.750,Node_002,Node_017,CAM,917,6.74,-53.1,49.44,5.6,0,Normal
2026-06-13 12:01:18.785,Node_028,Node_045,DENM,801,8.2,-71.0,52.55,10.54,0,Normal
2026-06-13 12:05:04.020,Node_002,Node_025,BSM,239,26.38,-106.2,22.24,1.49,1,Sybil_Spoofing
2026-06-13 12:01:16.602,Node_030,Node_025,UDP_STREAM,967,5.37,-60.9,41.54,5.17,0,Normal
2026-06-13 12:03:27.368,Node_020,Node_036,CAM,995,9.04,-67.0,71.96,7.82,0,Normal
2026-06-13 12:01:16.670,Node_001,Node_044,UDP_STREAM,1464,67.22,-58.0,787.28,202.99,1,DoS_Flooding
2026-06-13 12:04:48.768,Node_018,Node_045,DENM,778,5.88,-48.0,36.6,5.5600000000000005,0,Normal
2026-06-13 12:00:49.654,Node_017,Node_038,TCP_ACK,64,3.18,-64.3,1.63,5.1,0,Normal
2026-06-13 12:04:42.250,Node_019,Node_011,DENM,0,0.0,-71.7,0.0,0.0,1,Blackhole_Drop
2026-06-13 12:01:50.691,Node_005,Node_013,CAM,693,6.86,-84.8,38.03,6.53,0,Normal
2026-06-13 12:02:04.300,Node_050,Node_025,UDP_STREAM,244,5.02,-76.1,9.8,8.76,0,Normal
2026-06-13 12:05:07.496,Node_015,Node_046,CAM,0,0.0,-47.1,0.0,0.0,1,Blackhole_Drop
2026-06-13 12:01:57.624,Node_009,Node_048,BSM,1169,8.05,-84.1,75.28,6.65,0,Normal
2026-06-13 12:04:31.560,Node_002,Node_046,CAM,737,10.98,-70.3,64.74,7.55,0,Normal
2026-06-13 12:04:24.888,Node_031,Node_003,DENM,485,38.17,-108.7,24.68,2.33,1,Sybil_Spoofing
2026-06-13 12:04:56.715,Node_026,Node_033,TCP_ACK,64,11.19,-48.7,5.73,8.879999999999999,0,Normal
2026-06-13 12:01:30.640,Node_002,Node_011,BSM,288,7.7,-58.4,17.74,6.83,0,Normal
2026-06-13 12:05:37.783,Node_024,Node_036,CAM,469,6.78,-46.2,25.44,7.71,0,Normal
2026-06-13 12:04:20.820,Node_008,Node_036,CAM,240,4.32,-79.1,8.29,7.64,0,Normal
2026-06-13 12:04:09.590,Node_001,Node_024,CAM,261,7.1,-84.5,14.82,8.29,0,Normal
2026-06-13 12:02:57.060,Node_038,Node_034,CAM,209,5.03,-52.5,8.41,6.27,0,Normal
2026-06-13 12:02:43.512,Node_031,Node_014,CAM,393,8.64,-65.9,27.16,9.29,0,Normal
2026-06-13 12:02:02.688,Node_025,Node_036,BSM,848,37.87,-100.0,56.1,1.29,1,Sybil_Spoofing
2026-06-13 12:01:01.371,Node_031,Node_033,DENM,274,7.66,-75.1,16.79,6.16,0,Normal
2026-06-13 12:03:51.948,Node_015,Node_017,CAM,616,2.6,-67.7,12.81,6.11,0,Normal
2026-06-13 12:04:12.525,Node_002,Node_013,BSM,887,9.26,-70.1,65.71,6.02,0,Normal
2026-06-13 12:02:32.492,Node_048,Node_009,DENM,690,8.15,-53.4,44.99,6.02,0,Normal
2026-06-13 12:01:53.850,Node_016,Node_039,CAM,733,4.88,-54.1,28.62,6.55,0,Normal
2026-06-13 12:00:38.726,Node_027,Node_005,DENM,775,2.85,-49.3,17.67,6.59,0,Normal
2026-06-13 12:00:45.580,Node_024,Node_018,CAM,602,4.81,-59.0,23.16,6.57,0,Normal
2026-06-13 12:03:41.160,Node_020,Node_035,DENM,819,5.27,-72.7,34.53,6.21,0,Normal
2026-06-13 12:05:19.340,Node_032,Node_025,TCP_ACK,64,9.57,-51.4,4.9,7.63,0,Normal
2026-06-13 12:01:42.690,Node_031,Node_022,CAM,293,8.91,-46.0,20.89,6.71,0,Normal
2026-06-13 12:00:59.358,Node_017,Node_041,CAM,474,11.34,-50.0,43.0,7.08,0,Normal
2026-06-13 12:02:35.312,Node_021,Node_016,UDP_STREAM,779,3.91,-46.1,24.37,5.41,0,Normal
2026-06-13 12:03:37.075,Node_034,Node_044,BSM,621,4.79,-61.1,23.8,5.109999999999999,0,Normal
2026-06-13 12:02:12.588,Node_050,Node_040,BSM,1111,9.87,-52.9,87.72,7.45,0,Normal
2026-06-13 12:02:12.646,Node_044,Node_024,CAM,929,7.43,-72.2,55.22,7.72,0,Normal
2026-06-13 12:05:27.184,Node_012,Node_008,CAM,941,9.23,-73.3,69.48,5.34,0,Normal
2026-06-13 12:03:39.744,Node_012,Node_042,UDP_STREAM,1029,6.97,-75.2,57.38,5.23,0,Normal
2026-06-13 12:03:00.910,Node_037,Node_030,BSM,750,30.65,-108.1,32.46,2.1,1,Sybil_Spoofing
2026-06-13 12:04:12.010,Node_001,Node_005,DENM,393,10.12,-74.8,31.82,5.87,0,Normal
2026-06-13 12:05:43.800,Node_038,Node_018,TCP_ACK,64,7.11,-68.2,3.64,5.66,0,Normal
2026-06-13 12:04:32.867,Node_041,Node_032,BSM,809,3.08,-67.5,19.93,5.23,0,Normal
2026-06-13 12:01:43.230,Node_012,Node_008,UDP_STREAM,1408,58.87,-45.2,663.11,213.9,1,DoS_Flooding
2026-06-13 12:02:59.010,Node_009,Node_007,UDP_STREAM,1484,73.33,-68.1,870.57,87.32,1,DoS_Flooding
2026-06-13 12:03:40.416,Node_040,Node_047,CAM,483,4.84,-75.4,18.7,6.29,0,Normal
2026-06-13 12:02:59.166,Node_036,Node_023,DENM,1060,4.36,-84.1,36.97,6.07,0,Normal
2026-06-13 12:02:31.668,Node_011,Node_025,CAM,408,7.42,-84.3,24.22,5.17,0,Normal
2026-06-13 12:03:01.621,Node_032,Node_008,CAM,297,4.46,-68.7,10.6,4.71,0,Normal
2026-06-13 12:01:59.600,Node_012,Node_015,DENM,486,3.07,-75.4,11.94,9.43,0,Normal
2026-06-13 12:04:08.508,Node_029,Node_014,DENM,437,3.0,-81.7,10.49,8.05,0,Normal
2026-06-13 12:04:43.146,Node_010,Node_048,BSM,1109,5.84,-60.4,51.81,6.67,0,Normal
2026-06-13 12:05:40.844,Node_049,Node_018,CAM,410,10.82,-65.3,35.49,4.04,0,Normal
2026-06-13 12:05:31.776,Node_022,Node_021,BSM,221,6.99,-60.4,12.36,6.12,0,Normal
2026-06-13 12:02:22.910,Node_024,Node_010,CAM,920,2.77,-51.5,20.39,6.62,0,Normal
2026-06-13 12:02:02.218,Node_026,Node_014,UDP_STREAM,423,5.14,-68.8,17.39,6.57,0,Normal
2026-06-13 12:03:13.788,Node_015,Node_025,UDP_STREAM,814,10.78,-46.6,70.2,3.99,0,Normal
2026-06-13 12:02:46.176,Node_042,Node_045,BSM,266,6.52,-53.0,13.87,8.7,0,Normal
2026-06-13 12:03:46.282,Node_024,Node_025,TCP_ACK,64,2.2,-67.5,1.13,7.01,0,Normal
2026-06-13 12:04:32.580,Node_006,Node_028,DENM,461,5.48,-74.2,20.21,4.21,0,Normal
2026-06-13 12:02:55.636,Node_031,Node_011,UDP_STREAM,372,4.19,-61.6,12.47,5.84,0,Normal
2026-06-13 12:05:35.240,Node_013,Node_003,BSM,590,26.39,-96.3,26.67,2.39,1,Sybil_Spoofing
2026-06-13 12:00:50.886,Node_017,Node_006,DENM,737,11.32,-66.9,66.74,6.44,0,Normal
2026-06-13 12:04:39.994,Node_018,Node_012,DENM,434,34.31,-96.9,21.14,2.15,1,Sybil_Spoofing
2026-06-13 12:02:07.325,Node_019,Node_036,TCP_ACK,64,6.7,-68.1,3.43,6.93,0,Normal
2026-06-13 12:00:32.424,Node_013,Node_039,DENM,929,2.77,-54.1,20.59,4.5600000000000005,0,Normal
2026-06-13 12:02:07.435,Node_035,Node_008,DENM,997,6.63,-54.6,52.88,6.64,0,Normal
2026-06-13 12:01:53.582,Node_035,Node_012,TCP_ACK,64,4.46,-84.7,2.28,5.37,0,Normal
2026-06-13 12:03:03.201,Node_033,Node_002,CAM,712,7.05,-82.7,40.16,5.74,0,Normal
2026-06-13 12:00:51.040,Node_031,Node_010,CAM,1066,3.32,-50.5,28.31,6.28,0,Normal
2026-06-13 12:03:08.001,Node_030,Node_016,CAM,665,3.75,-80.6,19.95,9.05,0,Normal
2026-06-13 12:00:46.440,Node_005,Node_025,CAM,339,2.01,-66.6,5.45,7.14,0,Normal
2026-06-13 12:04:17.853,Node_036,Node_035,CAM,943,6.04,-64.0,45.57,6.25,0,Normal
2026-06-13 12:05:32.332,Node_023,Node_039,UDP_STREAM,791,9.18,-55.0,58.09,5.01,0,Normal
2026-06-13 12:05:34.800,Node_027,Node_011,TCP_ACK,64,7.03,-65.0,3.6,6.4,0,Normal
2026-06-13 12:02:24.212,Node_005,Node_039,DENM,576,10.42,-80.4,48.02,5.35,0,Normal
2026-06-13 12:04:08.989,Node_025,Node_020,CAM,582,2.24,-65.5,10.43,8.02,0,Normal
2026-06-13 12:02:31.320,Node_028,Node_050,CAM,853,9.5,-67.0,64.83,6.35,0,Normal
2026-06-13 12:01:44.805,Node_042,Node_020,BSM,605,4.44,-84.3,21.49,5.21,0,Normal
2026-06-13 12:04:44.260,Node_017,Node_032,DENM,608,6.66,-66.4,32.39,6.27,0,Normal
2026-06-13 12:04:58.368,Node_009,Node_027,DENM,1182,2.51,-47.1,23.73,7.94,0,Normal
2026-06-13 12:01:21.620,Node_019,Node_024,DENM,254,5.51,-48.6,11.2,7.86,0,Normal
2026-06-13 12:04:39.960,Node_005,Node_039,TCP_ACK,64,4.94,-52.2,2.53,6.15,0,Normal
2026-06-13 12:00:46.680,Node_031,Node_005,CAM,560,5.31,-72.6,23.79,7.49,0,Normal
2026-06-13 12:00:28.020,Node_007,Node_010,UDP_STREAM,1427,76.53,-74.2,873.67,172.25,1,DoS_Flooding
2026-06-13 12:04:49.664,Node_026,Node_022,DENM,1017,8.13,-71.1,66.15,4.66,0,Normal
2026-06-13 12:04:03.048,Node_004,Node_034,UDP_STREAM,799,3.23,-67.5,20.65,6.01,0,Normal
2026-06-13 12:05:29.658,Node_003,Node_043,CAM,998,7.48,-55.0,59.72,4.73,0,Normal
2026-06-13 12:01:54.611,Node_025,Node_022,CAM,876,9.14,-55.7,64.05,7.37,0,Normal
2026-06-13 12:01:47.640,Node_010,Node_049,DENM,1136,3.96,-60.3,35.99,5.529999999999999,0,Normal
2026-06-13 12:02:34.506,Node_003,Node_020,CAM,212,11.54,-77.2,19.57,6.69,0,Normal
2026-06-13 12:04:31.672,Node_010,Node_028,DENM,760,7.68,-45.4,46.69,4.6899999999999995,0,Normal
2026-06-13 12:01:00.918,Node_011,Node_003,CAM,471,9.27,-53.5,34.93,6.58,0,Normal
2026-06-13 12:02:01.888,Node_044,Node_032,CAM,316,2.8,-66.6,7.08,6.27,0,Normal
2026-06-13 12:04:06.225,Node_031,Node_017,DENM,790,7.59,-49.4,47.97,7.1,0,Normal
2026-06-13 12:03:40.524,Node_041,Node_043,UDP_STREAM,534,7.27,-58.3,31.06,6.07,0,Normal
2026-06-13 12:05:35.621,Node_044,Node_018,CAM,1025,7.94,-49.1,65.11,6.52,0,Normal
2026-06-13 12:00:35.220,Node_028,Node_031,DENM,478,5.28,-64.6,20.19,8.219999999999999,0,Normal
2026-06-13 12:04:25.437,Node_004,Node_038,UDP_STREAM,507,10.02,-74.7,40.64,7.88,0,Normal
2026-06-13 12:02:37.450,Node_015,Node_016,CAM,675,11.05,-48.0,59.67,10.14,0,Normal
2026-06-13 12:05:26.789,Node_024,Node_027,DENM,960,6.0,-62.3,46.08,10.88,0,Normal
2026-06-13 12:02:49.344,Node_011,Node_040,CAM,692,11.48,-58.5,63.55,11.52,0,Normal
2026-06-13 12:00:56.472,Node_028,Node_026,CAM,1034,6.32,-68.4,52.28,6.43,0,Normal
2026-06-13 12:03:43.630,Node_024,Node_008,DENM,515,4.36,-49.8,17.96,6.69,0,Normal
2026-06-13 12:04:21.405,Node_038,Node_014,UDP_STREAM,615,6.3,-75.6,31.0,10.0,0,Normal
2026-06-13 12:02:02.512,Node_022,Node_011,BSM,812,36.94,-108.8,34.23,1.02,1,Sybil_Spoofing
2026-06-13 12:05:48.836,Node_028,Node_032,CAM,1118,2.92,-46.2,26.12,5.73,0,Normal
2026-06-13 12:01:53.184,Node_004,Node_001,CAM,682,3.78,-79.7,20.62,5.470000000000001,0,Normal
2026-06-13 12:04:02.977,Node_044,Node_045,BSM,565,8.66,-81.5,39.14,4.529999999999999,0,Normal
2026-06-13 12:03:30.040,Node_022,Node_007,UDP_STREAM,1400,86.07,-81.7,963.98,130.18,1,DoS_Flooding
2026-06-13 12:02:05.133,Node_026,Node_032,CAM,310,4.67,-73.3,11.58,8.75,0,Normal
2026-06-13 12:01:06.136,Node_040,Node_019,TCP_ACK,64,3.39,-66.5,1.74,5.57,0,Normal
2026-06-13 12:01:58.150,Node_042,Node_050,DENM,916,7.15,-65.1,52.4,5.609999999999999,0,Normal
2026-06-13 12:03:13.848,Node_003,Node_026,CAM,1072,5.39,-78.5,46.22,3.88,0,Normal
2026-06-13 12:04:55.625,Node_023,Node_033,UDP_STREAM,513,4.94,-56.8,20.27,7.35,0,Normal
2026-06-13 12:02:45.620,Node_020,Node_043,DENM,534,4.11,-66.5,17.56,8.15,0,Normal
2026-06-13 12:00:44.973,Node_006,Node_004,DENM,801,10.75,-79.1,68.89,6.76,0,Normal
2026-06-13 12:01:39.456,Node_010,Node_047,BSM,275,4.82,-71.7,10.6,5.57,0,Normal
2026-06-13 12:02:48.199,Node_046,Node_031,DENM,645,6.1,-47.8,31.48,6.17,0,Normal
2026-06-13 12:03:26.190,Node_046,Node_014,CAM,1117,6.73,-83.6,60.14,6.0,0,Normal
2026-06-13 12:02:19.889,Node_023,Node_005,UDP_STREAM,250,2.31,-50.9,4.62,7.28,0,Normal
2026-06-13 12:02:15.204,Node_032,Node_030,UDP_STREAM,874,11.67,-53.7,81.6,5.58,0,Normal
2026-06-13 12:04:56.625,Node_009,Node_021,TCP_ACK,64,9.45,-56.7,4.84,5.08,0,Normal
2026-06-13 12:02:15.318,Node_001,Node_011,UDP_STREAM,1177,4.51,-81.3,42.47,4.54,0,Normal
2026-06-13 12:03:45.625,Node_010,Node_003,DENM,1105,3.4,-64.5,30.06,5.75,0,Normal
2026-06-13 12:03:12.456,Node_013,Node_047,BSM,384,6.18,-54.2,18.98,7.94,0,Normal
2026-06-13 12:03:50.569,Node_040,Node_024,CAM,545,2.03,-65.7,8.85,5.42,0,Normal
2026-06-13 12:05:28.164,Node_013,Node_014,CAM,351,5.33,-58.7,14.97,4.8,0,Normal
2026-06-13 12:05:30.681,Node_018,Node_034,CAM,600,10.9,-45.3,52.32,5.109999999999999,0,Normal
2026-06-13 12:02:22.800,Node_028,Node_050,DENM,1172,9.31,-83.4,87.29,5.3100000000000005,0,Normal
2026-06-13 12:05:57.150,Node_019,Node_035,UDP_STREAM,1475,76.35,-73.6,900.93,271.08,1,DoS_Flooding
2026-06-13 12:05:12.042,Node_027,Node_030,UDP_STREAM,1136,10.84,-62.1,98.51,5.02,0,Normal
2026-06-13 12:02:39.661,Node_029,Node_017,DENM,507,10.92,-50.9,44.29,4.37,0,Normal
2026-06-13 12:02:58.800,Node_026,Node_017,UDP_STREAM,204,7.31,-83.4,11.93,7.66,0,Normal
2026-06-13 12:04:58.125,Node_016,Node_026,BSM,202,6.3,-46.7,10.18,5.21,0,Normal
2026-06-13 12:03:10.880,Node_035,Node_027,BSM,216,7.02,-46.9,12.13,6.85,0,Normal
2026-06-13 12:03:30.056,Node_050,Node_039,CAM,879,2.51,-45.4,17.65,5.73,0,Normal
2026-06-13 12:03:18.204,Node_050,Node_008,DENM,1075,4.35,-45.4,37.41,5.5,0,Normal
2026-06-13 12:03:44.566,Node_012,Node_035,TCP_ACK,64,8.56,-84.4,4.38,7.5,0,Normal
2026-06-13 12:03:44.660,Node_042,Node_016,CAM,1169,6.8,-81.0,63.59,6.3,0,Normal
2026-06-13 12:03:01.716,Node_011,Node_043,CAM,499,8.72,-68.4,34.81,8.43,0,Normal
2026-06-13 12:02:28.304,Node_047,Node_011,CAM,570,2.98,-47.7,13.59,5.779999999999999,0,Normal
2026-06-13 12:05:54.164,Node_045,Node_036,BSM,854,2.69,-45.7,18.38,5.2,0,Normal
2026-06-13 12:00:23.940,Node_016,Node_005,DENM,997,9.7,-54.7,77.37,6.0,0,Normal
2026-06-13 12:02:11.725,Node_008,Node_049,CAM,662,5.38,-65.0,28.49,5.65,0,Normal
2026-06-13 12:05:49.816,Node_030,Node_033,CAM,325,6.81,-60.4,17.71,9.35,0,Normal
2026-06-13 12:04:02.097,Node_006,Node_023,CAM,380,5.88,-77.4,17.88,5.609999999999999,0,Normal
2026-06-13 12:00:33.572,Node_040,Node_050,CAM,288,11.92,-78.5,27.46,6.89,0,Normal
2026-06-13 12:05:43.057,Node_045,Node_035,UDP_STREAM,398,6.79,-48.0,21.62,6.39,0,Normal
2026-06-13 12:00:40.800,Node_022,Node_025,TCP_ACK,64,9.93,-67.7,5.08,5.1899999999999995,0,Normal
2026-06-13 12:04:31.313,Node_014,Node_011,DENM,394,8.21,-65.7,25.88,5.43,0,Normal
2026-06-13 12:01:04.854,Node_048,Node_015,BSM,1054,8.57,-48.5,72.26,6.62,0,Normal
2026-06-13 12:05:05.181,Node_025,Node_021,UDP_STREAM,1424,45.19,-49.0,514.8,168.52,1,DoS_Flooding
2026-06-13 12:04:12.420,Node_042,Node_022,BSM,625,9.5,-84.7,47.5,5.98,0,Normal
2026-06-13 12:05:07.840,Node_006,Node_009,BSM,1063,2.96,-64.2,25.17,6.26,0,Normal
2026-06-13 12:01:45.864,Node_031,Node_032,CAM,766,11.96,-56.0,73.29,4.67,0,Normal
2026-06-13 12:00:43.326,Node_041,Node_021,BSM,451,5.12,-52.1,18.47,5.4,0,Normal
2026-06-13 12:01:29.096,Node_004,Node_020,BSM,880,11.64,-79.5,81.95,7.94,0,Normal
2026-06-13 12:04:17.763,Node_010,Node_018,CAM,548,10.5,-45.7,46.03,5.76,0,Normal
2026-06-13 12:04:08.230,Node_005,Node_032,UDP_STREAM,1436,61.39,-68.7,705.25,252.27,1,DoS_Flooding
2026-06-13 12:01:48.495,Node_034,Node_039,UDP_STREAM,0,0.0,-70.5,0.0,0.0,1,Blackhole_Drop
2026-06-13 12:03:05.724,Node_050,Node_022,CAM,525,10.88,-77.7,45.7,8.2,0,Normal
2026-06-13 12:01:12.390,Node_015,Node_004,UDP_STREAM,483,5.11,-54.6,19.75,9.25,0,Normal
2026-06-13 12:01:12.420,Node_046,Node_036,CAM,1157,7.77,-57.4,71.92,7.09,0,Normal
2026-06-13 12:03:27.690,Node_007,Node_026,CAM,970,11.31,-72.5,87.77,9.15,0,Normal
2026-06-13 12:01:19.728,Node_043,Node_022,DENM,0,0.0,-79.5,0.0,0.0,1,Blackhole_Drop
2026-06-13 12:00:26.587,Node_007,Node_031,TCP_ACK,64,2.43,-52.6,1.24,4.609999999999999,0,Normal
2026-06-13 12:01:29.466,Node_017,Node_011,DENM,805,11.4,-49.2,73.42,6.94,0,Normal
2026-06-13 12:03:49.805,Node_011,Node_012,CAM,0,0.0,-57.0,0.0,0.0,1,Blackhole_Drop
2026-06-13 12:00:33.880,Node_031,Node_014,CAM,946,9.08,-78.2,68.72,4.48,0,Normal
2026-06-13 12:05:38.940,Node_016,Node_027,CAM,205,8.81,-50.0,14.45,6.37,0,Normal
2026-06-13 12:02:20.476,Node_032,Node_036,DENM,443,2.59,-76.6,9.18,5.17,0,Normal
2026-06-13 12:02:22.957,Node_034,Node_019,DENM,552,3.36,-46.1,14.84,5.48,0,Normal
2026-06-13 12:03:21.192,Node_018,Node_016,CAM,831,10.56,-80.0,70.2,5.74,0,Normal
2026-06-13 12:05:32.225,Node_001,Node_008,BSM,615,7.91,-55.1,38.92,6.93,0,Normal
2026-06-13 12:02:18.282,Node_042,Node_038,TCP_ACK,64,3.2,-58.2,1.64,5.96,0,Normal
2026-06-13 12:00:48.540,Node_015,Node_016,BSM,962,2.47,-82.1,19.01,6.88,0,Normal
2026-06-13 12:02:37.820,Node_018,Node_008,TCP_ACK,64,7.75,-58.9,3.97,9.83,0,Normal
2026-06-13 12:00:31.577,Node_027,Node_007,DENM,549,4.06,-79.2,17.83,8.02,0,Normal
2026-06-13 12:01:39.630,Node_024,Node_021,DENM,1200,6.11,-58.6,58.66,6.61,0,Normal
2026-06-13 12:04:59.013,Node_043,Node_013,CAM,1078,8.35,-76.7,72.01,6.07,0,Normal
2026-06-13 12:02:55.104,Node_032,Node_018,DENM,647,2.49,-84.9,12.89,7.05,0,Normal
2026-06-13 12:01:00.825,Node_004,Node_048,CAM,0,0.0,-76.8,0.0,0.0,1,Blackhole_Drop
2026-06-13 12:03:22.022,Node_010,Node_019,BSM,486,3.77,-54.2,14.66,5.859999999999999,0,Normal
2026-06-13 12:05:53.075,Node_005,Node_038,CAM,665,5.48,-59.2,29.15,7.11,0,Normal
2026-06-13 12:03:14.880,Node_031,Node_025,CAM,476,3.6,-76.2,13.71,6.59,0,Normal
2026-06-13 12:00:34.118,Node_050,Node_016,DENM,860,6.86,-76.2,47.2,8.15,0,Normal
2026-06-13 12:05:41.320,Node_042,Node_010,CAM,312,4.68,-70.2,11.68,7.85,0,Normal
2026-06-13 12:01:25.365,Node_018,Node_043,TCP_ACK,64,7.16,-72.6,3.67,6.99,0,Normal
2026-06-13 12:01:03.440,Node_037,Node_007,BSM,447,10.99,-74.9,39.3,5.970000000000001,0,Normal
2026-06-13 12:05:53.945,Node_012,Node_041,CAM,708,11.77,-84.9,66.67,5.720000000000001,0,Normal
2026-06-13 12:03:47.106,Node_050,Node_045,UDP_STREAM,1424,54.37,-62.3,619.38,257.17,1,DoS_Flooding
2026-06-13 12:04:48.274,Node_017,Node_045,BSM,1023,4.72,-77.0,38.63,7.01,0,Normal
2026-06-13 12:04:06.844,Node_007,Node_025,CAM,683,8.25,-49.4,45.08,5.42,0,Normal
2026-06-13 12:03:54.720,Node_023,Node_031,BSM,977,4.41,-71.7,34.47,7.95,0,Normal
2026-06-13 12:00:34.244,Node_045,Node_005,CAM,305,7.65,-79.5,18.67,6.93,0,Normal
2026-06-13 12:00:51.387,Node_014,Node_030,CAM,0,0.0,-55.5,0.0,0.0,1,Blackhole_Drop
2026-06-13 12:06:07.200,Node_029,Node_046,BSM,338,4.21,-76.4,11.38,7.64,0,Normal
2026-06-13 12:00:46.531,Node_017,Node_001,UDP_STREAM,1140,7.87,-80.2,71.77,7.22,0,Normal
2026-06-13 12:05:06.250,Node_014,Node_006,UDP_STREAM,0,0.0,-60.5,0.0,0.0,1,Blackhole_Drop
2026-06-13 12:03:01.374,Node_039,Node_035,UDP_STREAM,1488,58.85,-54.6,700.55,124.25,1,DoS_Flooding
2026-06-13 12:00:26.972,Node_032,Node_014,BSM,1014,38.87,-101.3,49.65,1.56,1,Sybil_Spoofing
2026-06-13 12:04:51.907,Node_045,Node_023,CAM,1157,5.57,-66.9,51.56,6.39,0,Normal
2026-06-13 12:00:39.264,Node_048,Node_007,TCP_ACK,64,11.81,-62.1,6.05,6.01,0,Normal
2026-06-13 12:02:24.845,Node_012,Node_011,CAM,439,9.37,-55.7,32.91,9.8,0,Normal
2026-06-13 12:02:34.728,Node_013,Node_009,DENM,502,6.61,-58.5,26.55,7.66,0,Normal
2026-06-13 12:01:48.108,Node_003,Node_008,BSM,943,11.12,-76.8,83.89,6.41,0,Normal
2026-06-13 12:03:31.388,Node_044,Node_028,CAM,357,8.88,-51.7,25.36,5.58,0,Normal
2026-06-13 12:04:20.654,Node_001,Node_011,UDP_STREAM,583,2.35,-78.0,10.96,6.54,0,Normal
2026-06-13 12:04:47.820,Node_007,Node_006,CAM,982,3.58,-82.1,28.12,4.32,0,Normal
2026-06-13 12:04:57.781,Node_015,Node_045,BSM,1032,3.66,-56.5,30.22,6.05,0,Normal
2026-06-13 12:05:56.990,Node_038,Node_022,BSM,1107,6.53,-51.8,57.83,5.33,0,Normal
2026-06-13 12:02:40.095,Node_029,Node_028,CAM,376,8.11,-53.2,24.39,7.91,0,Normal
2026-06-13 12:03:07.264,Node_039,Node_014,UDP_STREAM,1451,59.78,-54.1,693.93,266.55,1,DoS_Flooding
2026-06-13 12:05:17.985,Node_006,Node_038,DENM,318,33.0,-98.9,25.36,2.71,1,Sybil_Spoofing
2026-06-13 12:05:25.512,Node_026,Node_042,TCP_ACK,64,7.81,-55.5,4.0,6.32,0,Normal
2026-06-13 12:05:50.314,Node_012,Node_035,DENM,1096,4.32,-79.9,37.88,7.99,0,Normal
2026-06-13 12:05:45.520,Node_039,Node_035,CAM,1105,26.4,-102.1,24.22,1.52,1,Sybil_Spoofing
2026-06-13 12:06:10.350,Node_009,Node_012,CAM,245,6.28,-51.0,12.31,7.25,0,Normal
2026-06-13 12:02:43.020,Node_045,Node_041,DENM,291,33.2,-99.2,16.72,2.48,1,Sybil_Spoofing
2026-06-13 12:03:47.332,Node_030,Node_011,UDP_STREAM,1497,45.58,-51.1,545.87,91.42,1,DoS_Flooding
2026-06-13 12:00:39.552,Node_047,Node_002,CAM,285,5.22,-54.7,11.9,6.2,0,Normal
2026-06-13 12:01:14.190,Node_006,Node_045,CAM,394,6.81,-52.8,21.47,8.379999999999999,0,Normal
2026-06-13 12:06:03.678,Node_042,Node_024,DENM,258,9.87,-55.1,20.37,6.76,0,Normal
2026-06-13 12:01:58.800,Node_023,Node_021,DENM,588,8.72,-53.2,41.02,6.07,0,Normal
2026-06-13 12:03:27.984,Node_049,Node_019,CAM,467,3.59,-63.2,13.41,5.87,0,Normal
2026-06-13 12:06:06.596,Node_031,Node_019,CAM,702,7.22,-54.3,40.55,5.87,0,Normal
2026-06-13 12:03:25.674,Node_033,Node_040,UDP_STREAM,1455,68.37,-69.8,795.83,95.37,1,DoS_Flooding
2026-06-13 12:00:54.538,Node_001,Node_043,TCP_ACK,64,4.61,-75.2,2.36,5.75,0,Normal
2026-06-13 12:04:00.560,Node_006,Node_024,CAM,941,7.16,-63.8,53.9,8.219999999999999,0,Normal
2026-06-13 12:01:41.721,Node_016,Node_027,CAM,352,9.98,-64.5,28.1,4.68,0,Normal
2026-06-13 12:04:18.128,Node_043,Node_004,CAM,574,5.1,-78.2,23.42,7.61,0,Normal
2026-06-13 12:00:49.660,Node_036,Node_046,DENM,240,8.25,-82.9,15.84,8.82,0,Normal
2026-06-13 12:04:45.660,Node_039,Node_040,BSM,771,6.6,-70.8,40.71,5.26,0,Normal
2026-06-13 12:05:57.840,Node_012,Node_009,CAM,266,2.61,-52.9,5.55,7.41,0,Normal
2026-06-13 12:04:33.460,Node_017,Node_034,CAM,327,10.9,-48.4,28.51,7.03,0,Normal
2026-06-13 12:03:09.012,Node_041,Node_047,TCP_ACK,64,4.59,-50.7,2.35,5.52,0,Normal
2026-06-13 12:05:25.928,Node_032,Node_016,UDP_STREAM,728,3.94,-56.3,22.95,5.18,0,Normal
2026-06-13 12:01:04.714,Node_026,Node_018,CAM,448,3.55,-82.4,12.72,7.15,0,Normal
2026-06-13 12:03:31.650,Node_047,Node_011,TCP_ACK,64,7.22,-59.2,3.7,9.85,0,Normal
2026-06-13 12:03:39.208,Node_027,Node_020,BSM,362,2.21,-49.8,6.4,8.51,0,Normal
2026-06-13 12:01:47.156,Node_024,Node_047,BSM,0,0.0,-67.8,0.0,0.0,1,Blackhole_Drop
2026-06-13 12:03:04.482,Node_006,Node_030,CAM,1094,2.41,-69.4,21.09,7.13,0,Normal
2026-06-13 12:04:31.846,Node_011,Node_023,BSM,1168,9.5,-54.7,88.77,6.76,0,Normal
2026-06-13 12:00:49.900,Node_012,Node_026,CAM,1007,4.29,-58.0,34.56,6.37,0,Normal
2026-06-13 12:02:22.272,Node_019,Node_013,DENM,1182,10.65,-55.8,100.71,7.24,0,Normal
2026-06-13 12:05:24.610,Node_025,Node_020,CAM,621,9.92,-50.5,49.28,5.51,0,Normal
2026-06-13 12:06:02.210,Node_033,Node_002,CAM,990,4.26,-80.6,33.74,7.81,0,Normal
2026-06-13 12:05:44.862,Node_034,Node_012,CAM,1050,11.82,-71.7,99.29,6.47,0,Normal
